anime_id,name,genre,_type,episodes,rating,img_link
8,Beet the Vandel Buster,Shounen,TV,52,7.06,https://cdn.myanimelist.net/images/anime/7/21569.jpg
15,Eyeshield 21,Shounen,TV,145,8.08,https://cdn.myanimelist.net/images/anime/1079/133529.jpg
17,Hungry Heart: Wild Striker,Shounen,TV,52,7.74,https://cdn.myanimelist.net/images/anime/12/49655.jpg
20,Naruto,Shounen,TV,220,7.81,https://cdn.myanimelist.net/images/anime/13/17405.jpg
21,One Piece,Shounen,TV,Unknown,8.58,https://cdn.myanimelist.net/images/anime/1244/138851.jpg
22,Prince of Tennis,Shounen,TV,178,8.04,https://cdn.myanimelist.net/images/anime/6/21624.jpg
23,Ring ni Kakero 1,Shounen,TV,12,6.7,https://cdn.myanimelist.net/images/anime/1146/124743.jpg
52,Kidou Tenshi Angelic Layer,Shounen,TV,26,7.32,https://cdn.myanimelist.net/images/anime/1192/113699.jpg
57,Beck,Shounen,TV,26,8.4,https://cdn.myanimelist.net/images/anime/11/11636.jpg
68,Black Cat,Shounen,TV,23,7.52,https://cdn.myanimelist.net/images/anime/1183/133280.jpg
105,Boys Be...,Shounen,TV,13,6.59,https://cdn.myanimelist.net/images/anime/1/2223.jpg
129,Gensoumaden Saiyuuki,Shounen,TV,50,7.71,https://cdn.myanimelist.net/images/anime/11/75282.jpg
132,GetBackers,Shounen,TV,49,7.73,https://cdn.myanimelist.net/images/anime/1056/109721.jpg
135,Hikaru no Go,Shounen,TV,75,8.19,https://cdn.myanimelist.net/images/anime/12/78317.jpg
136,Hunter x Hunter,Shounen,TV,62,8.48,https://cdn.myanimelist.net/images/anime/1305/132237.jpg
137,Hunter x Hunter OVA,Shounen,OVA,8,8.41,https://cdn.myanimelist.net/images/anime/1/137.jpg
138,Hunter x Hunter: Greed Island,Shounen,OVA,8,8.33,https://cdn.myanimelist.net/images/anime/1902/122320.jpg
139,Hunter x Hunter: Greed Island Final,Shounen,OVA,14,8.41,https://cdn.myanimelist.net/images/anime/1/139.jpg
143,Kannazuki no Miko,Shounen,TV,12,7.05,https://cdn.myanimelist.net/images/anime/8/73955.jpg
154,Shaman King,Shounen,TV,64,7.83,https://cdn.myanimelist.net/images/anime/1722/99235.jpg
157,Mahou Sensei Negima!,Shounen,TV,26,7.11,https://cdn.myanimelist.net/images/anime/12/89535.jpg
159,Boukyaku no Senritsu,Shounen,TV,24,6.44,https://cdn.myanimelist.net/images/anime/9/52679.jpg
170,Slam Dunk,Shounen,TV,101,8.56,https://cdn.myanimelist.net/images/anime/12/86890.jpg
173,Tactics,Shounen,TV,25,7.34,https://cdn.myanimelist.net/images/anime/8/37549.jpg
174,Tenjou Tenge,Shounen,TV,24,7.1,https://cdn.myanimelist.net/images/anime/1507/101835.jpg
175,Tokyo Underground,Shounen,TV,26,6.74,https://cdn.myanimelist.net/images/anime/9/21036.jpg
177,Tsubasa Chronicle,Shounen,TV,26,7.67,https://cdn.myanimelist.net/images/anime/9/6555.jpg
180,Vandread,Shounen,TV,13,7.33,https://cdn.myanimelist.net/images/anime/5/75446.jpg
181,Vandread: The Second Stage,Shounen,TV,13,7.54,https://cdn.myanimelist.net/images/anime/4/75447.jpg
183,Whistle!,Shounen,TV,39,7.53,https://cdn.myanimelist.net/images/anime/8/17885.jpg
184,Xenosaga The Animation,Shounen,TV,12,6.47,https://cdn.myanimelist.net/images/anime/3/75162.jpg
189,Love Hina,Shounen,TV,24,7.28,https://cdn.myanimelist.net/images/anime/1153/99366.jpg
207,Lodoss-tou Senki,Shounen,OVA,13,7.55,https://cdn.myanimelist.net/images/anime/1644/92493.jpg
218,Kidou Senkan Nadesico,Shounen,TV,26,7.6,https://cdn.myanimelist.net/images/anime/3/53955.jpg
219,Kidou Senkan Nadesico: The Prince of Darkness,Shounen,Movie,1,6.9,https://cdn.myanimelist.net/images/anime/10/51253.jpg
223,Dragon Ball,Shounen,TV,153,8.16,https://cdn.myanimelist.net/images/anime/1887/92364.jpg
225,Dragon Ball GT,Shounen,TV,64,6.72,https://cdn.myanimelist.net/images/anime/1262/93119.jpg
231,Asagiri no Miko,Shounen,TV,26,6.31,https://cdn.myanimelist.net/images/anime/3/75196.jpg
234,Dan Doh!!,Shounen,TV,26,6.82,https://cdn.myanimelist.net/images/anime/3/15231.jpg
236,E&#039;s Otherwise,Shounen,TV,26,6.75,https://cdn.myanimelist.net/images/anime/2/6260.jpg
238,Rekka no Honoo,Shounen,TV,42,7.44,https://cdn.myanimelist.net/images/anime/1646/113504.jpg
245,Great Teacher Onizuka,Shounen,TV,43,8.77,https://cdn.myanimelist.net/images/anime/13/11460.jpg
249,InuYasha,Shounen,TV,167,7.89,https://cdn.myanimelist.net/images/anime/1589/95329.jpg
250,Konjiki no Gash Bell!!,Shounen,TV,150,7.66,https://cdn.myanimelist.net/images/anime/1151/125951.jpg
252,Madlax,Shounen,TV,26,7.17,https://cdn.myanimelist.net/images/anime/12/57237.jpg
263,Hajime no Ippo,Shounen,TV,75,8.83,https://cdn.myanimelist.net/images/anime/4/86334.jpg
264,Hajime no Ippo: Champion Road,Shounen,Special,1,8.39,https://cdn.myanimelist.net/images/anime/1521/137978.jpg
265,Hajime no Ippo: Mashiba vs. Kimura,Shounen,OVA,1,8.28,https://cdn.myanimelist.net/images/anime/4/64737.jpg
266,Gunparade March: Arata Naru Kougunka,Shounen,TV,12,6.96,https://cdn.myanimelist.net/images/anime/13/75520.jpg
269,Bleach,Shounen,TV,366,7.95,https://cdn.myanimelist.net/images/anime/3/40451.jpg
273,Mahoutsukai ni Taisetsu na Koto,Shounen,TV,12,6.87,https://cdn.myanimelist.net/images/anime/13/2597.jpg
287,Grappler Baki (TV),Shounen,TV,24,7.41,https://cdn.myanimelist.net/images/anime/1782/128917.jpg
288,Bakuten Shoot Beyblade,Shounen,TV,51,6.81,https://cdn.myanimelist.net/images/anime/1429/127983.jpg
292,Dear Boys,Shounen,TV,26,6.99,https://cdn.myanimelist.net/images/anime/1141/109328.jpg
335,Matantei Loki Ragnarok,Shounen,TV,26,7.42,https://cdn.myanimelist.net/images/anime/13/75300.jpg
359,I&#039;ll/CKBC,Shounen,OVA,2,6.52,https://cdn.myanimelist.net/images/anime/1/359.jpg
386,H2,Shounen,TV,41,7.39,https://cdn.myanimelist.net/images/anime/1480/105967.jpg
388,Capeta,Shounen,TV,52,7.91,https://cdn.myanimelist.net/images/anime/5/17667.jpg
406,Buzzer Beater,Shounen,TV,13,6.73,https://cdn.myanimelist.net/images/anime/6/57421.jpg
419,Samurai Deeper Kyou,Shounen,TV,26,7.02,https://cdn.myanimelist.net/images/anime/4/23744.jpg
442,Naruto Movie 1: Dai Katsugeki!! Yuki Hime Shinobu Houjou Dattebayo!,Shounen,Movie,1,7.17,https://cdn.myanimelist.net/images/anime/1231/134484.jpg
448,Tenjou Tenge: The Ultimate Fight,Shounen,OVA,2,7.18,https://cdn.myanimelist.net/images/anime/11/7362.jpg
449,InuYasha: Guren no Houraijima,Shounen,Movie,1,7.62,https://cdn.myanimelist.net/images/anime/1216/94369.jpg
450,InuYasha: Kagami no Naka no Mugenjo,Shounen,Movie,1,7.75,https://cdn.myanimelist.net/images/anime/1162/92219.jpg
451,InuYasha: Tenka Hadou no Ken,Shounen,Movie,1,7.89,https://cdn.myanimelist.net/images/anime/1658/95332.jpg
452,InuYasha: Toki wo Koeru Omoi,Shounen,Movie,1,7.69,https://cdn.myanimelist.net/images/anime/1683/94370.jpg
459,One Piece Movie 1,Shounen,Movie,1,7.25,https://cdn.myanimelist.net/images/anime/1770/97704.jpg
460,One Piece Movie 2: Nejimaki-jima no Daibouken,Shounen,Movie,1,7.33,https://cdn.myanimelist.net/images/anime/1939/97699.jpg
461,One Piece Movie 3: Chinjuu-jima no Chopper Oukoku,Shounen,Movie,1,7.18,https://cdn.myanimelist.net/images/anime/1017/97698.jpg
462,One Piece Movie 4: Dead End no Bouken,Shounen,Movie,1,7.76,https://cdn.myanimelist.net/images/anime/1100/116767.jpg
463,One Piece Movie 5: Norowareta Seiken,Shounen,Movie,1,7.44,https://cdn.myanimelist.net/images/anime/2/25413.jpg
466,One Piece: Taose! Kaizoku Ganzack,Shounen,OVA,1,6.87,https://cdn.myanimelist.net/images/anime/1848/96972.jpg
469,Karin,Shounen,TV,24,7.33,https://cdn.myanimelist.net/images/anime/9/79205.jpg
477,Aria The Animation,Shounen,TV,13,7.79,https://cdn.myanimelist.net/images/anime/2/77620.jpg
479,The Law of Ueki,Shounen,TV,51,7.88,https://cdn.myanimelist.net/images/anime/8/20596.jpg
484,Gensoumaden Saiyuuki Movie: Requiem - Erabarezaru Mono e no Chinkonka,Shounen,Movie,1,7.48,https://cdn.myanimelist.net/images/anime/1628/106419.jpg
495,Bakuretsu Hunters,Shounen,TV,26,6.86,https://cdn.myanimelist.net/images/anime/1607/96463.jpg
499,Makai Toshi Shinjuku,Shounen,OVA,1,6.36,https://cdn.myanimelist.net/images/anime/1366/97857.jpg
502,Dragon Ball Movie 1: Shen Long no Densetsu,Shounen,Movie,1,7.05,https://cdn.myanimelist.net/images/anime/1992/121522.jpg
539,Tenchi Muyou! Ryououki,Shounen,OVA,6,7.77,https://cdn.myanimelist.net/images/anime/1224/95301.jpg
540,Tenchi Muyou! Ryououki 2nd Season,Shounen,OVA,6,7.78,https://cdn.myanimelist.net/images/anime/1/2437.jpg
541,Tenchi Muyou! Ryououki 3rd Season,Shounen,OVA,6,7.41,https://cdn.myanimelist.net/images/anime/8/31587.jpg
551,Grappler Baki: Saidai Tournament-hen,Shounen,TV,24,7.46,https://cdn.myanimelist.net/images/anime/1433/96723.jpg
558,Major S2,Shounen,TV,26,8.41,https://cdn.myanimelist.net/images/anime/6/73972.jpg
594,Naruto: Takigakure no Shitou - Ore ga Eiyuu Dattebayo!,Shounen,Special,1,6.83,https://cdn.myanimelist.net/images/anime/11/20921.jpg
602,KO Seiki Beast Sanjuushi,Shounen,OVA,7,6.73,https://cdn.myanimelist.net/images/anime/12/20394.jpg
613,Onmyou Taisenki,Shounen,TV,52,7.28,https://cdn.myanimelist.net/images/anime/1971/100952.jpg
617,Juubee Ninpuuchou,Shounen,Movie,1,7.67,https://cdn.myanimelist.net/images/anime/1834/116568.jpg
618,Juubee Ninpuuchou: Ryuuhougyoku-hen,Shounen,TV,13,6.78,https://cdn.myanimelist.net/images/anime/1898/103439.jpg
619,Ninja Ryuukenden,Shounen,OVA,1,5.81,https://cdn.myanimelist.net/images/anime/5/69415.jpg
627,Major S1,Shounen,TV,26,8.42,https://cdn.myanimelist.net/images/anime/13/73973.jpg
646,Haunted Junction,Shounen,TV,12,6.87,https://cdn.myanimelist.net/images/anime/1163/94507.jpg
665,JoJo no Kimyou na Bouken: Adventure,Shounen,OVA,7,7.22,https://cdn.myanimelist.net/images/anime/8/53147.jpg
666,JoJo no Kimyou na Bouken,Shounen,OVA,6,7.47,https://cdn.myanimelist.net/images/anime/1171/106036.jpg
678,Shadow Skill: Eigi,Shounen,TV,26,7.24,https://cdn.myanimelist.net/images/anime/4/61189.jpg
696,Tenchi Muyou!,Shounen,TV,26,7.54,https://cdn.myanimelist.net/images/anime/3/61663.jpg
760,Tenjou Tenge: The Past Chapter,Shounen,Movie,1,7.16,https://cdn.myanimelist.net/images/anime/9/22930.jpg
762,Bleach: Memories in the Rain,Shounen,Special,1,7.21,https://cdn.myanimelist.net/images/anime/1022/129092.jpg
764,Zoids Shinseiki/Zero,Shounen,TV,26,7.45,https://cdn.myanimelist.net/images/anime/1159/133229.jpg
776,Nanaka 6/17,Shounen,TV,12,6.75,https://cdn.myanimelist.net/images/anime/7/46927.jpg
808,Bakuretsu Hunters OVA,Shounen,OVA,3,6.72,https://cdn.myanimelist.net/images/anime/1267/97321.jpg
813,Dragon Ball Z,Shounen,TV,291,8.32,https://cdn.myanimelist.net/images/anime/1607/117271.jpg
814,Prince of Tennis: Atobe&#039;s Gift,Shounen,Movie,1,7.63,https://cdn.myanimelist.net/images/anime/10/6381.jpg
815,"Prince of Tennis: The Two Samurai, The First Game",Shounen,Movie,1,7.47,https://cdn.myanimelist.net/images/anime/1663/133530.jpg
834,Bleach: The Sealed Sword Frenzy,Shounen,Special,1,7.05,https://cdn.myanimelist.net/images/anime/1/834.jpg
844,Konjiki no Gash Bell!!: 101 Banme no Mamono,Shounen,Movie,1,7.41,https://cdn.myanimelist.net/images/anime/5/15308.jpg
857,Air Gear,Shounen,TV,25,7.69,https://cdn.myanimelist.net/images/anime/11/18227.jpg
864,Mobile Suit Gundam Seed MSV Astray,Shounen,OVA,2,6.46,https://cdn.myanimelist.net/images/anime/1/864.jpg
865,Kikou Senki Dragonar,Shounen,TV,48,6.86,https://cdn.myanimelist.net/images/anime/13/11236.jpg
891,Dragon Ball Movie 2: Majinjou no Nemuri Hime,Shounen,Movie,1,7.03,https://cdn.myanimelist.net/images/anime/1220/121989.jpg
892,Dragon Ball Movie 3: Makafushigi Daibouken,Shounen,Movie,1,7.09,https://cdn.myanimelist.net/images/anime/1825/90341.jpg
893,Dragon Ball Movie 4: Saikyou e no Michi,Shounen,Movie,1,7.33,https://cdn.myanimelist.net/images/anime/1497/93677.jpg
903,Dragon Ball Z Movie 10: Kiken na Futari! Super Senshi wa Nemurenai,Shounen,Movie,1,7.11,https://cdn.myanimelist.net/images/anime/1191/93673.jpg
904,Dragon Ball Z Movie 11: Super Senshi Gekiha!! Katsu no wa Ore da,Shounen,Movie,1,6.28,https://cdn.myanimelist.net/images/anime/1035/93674.jpg
911,Konjiki no Gash Bell!!: Mecha Vulkan no Raishuu,Shounen,Movie,1,7.24,https://cdn.myanimelist.net/images/anime/1459/95423.jpg
936,Naruto Movie 2: Dai Gekitotsu! Maboroshi no Chiteiiseki Dattebayo!,Shounen,Movie,1,6.99,https://cdn.myanimelist.net/images/anime/1114/134485.jpg
940,Inukami!,Shounen,TV,26,7.4,https://cdn.myanimelist.net/images/anime/1405/110246.jpg
949,Top wo Nerae! Gunbuster,Shounen,OVA,6,7.97,https://cdn.myanimelist.net/images/anime/1303/92309.jpg
962,Aria The Natural,Shounen,TV,26,8.3,https://cdn.myanimelist.net/images/anime/2/77621.jpg
966,Crayon Shin-chan,Shounen,TV,Unknown,7.73,https://cdn.myanimelist.net/images/anime/10/59897.jpg
969,Tsubasa Chronicle 2nd Season,Shounen,TV,26,7.7,https://cdn.myanimelist.net/images/anime/4/6554.jpg
971,Astro Boy: Tetsuwan Atom,Shounen,TV,50,7.02,https://cdn.myanimelist.net/images/anime/1611/94026.jpg
979,Street Fighter Zero The Animation,Shounen,Movie,1,6.69,https://cdn.myanimelist.net/images/anime/1138/107135.jpg
987,Dragon Ball GT: Goku Gaiden! Yuuki no Akashi wa Suushinchuu,Shounen,Special,1,6.75,https://cdn.myanimelist.net/images/anime/1128/121990.jpg
995,Prince of Tennis: The National Tournament,Shounen,OVA,13,8.09,https://cdn.myanimelist.net/images/anime/12/10572.jpg
1006,Tenchi Muyou! in Love,Shounen,Movie,1,7.52,https://cdn.myanimelist.net/images/anime/1543/92823.jpg
1010,Ranma Ã‚Â½: Chou Musabetsu Kessen! Ranma Team vs. Densetsu no Houou,Shounen,Movie,1,7.5,https://cdn.myanimelist.net/images/anime/1985/107722.jpg
1011,Ranma Ã‚Â½ Super,Shounen,OVA,3,7.79,https://cdn.myanimelist.net/images/anime/1071/94957.jpg
1027,Psychic Force,Shounen,OVA,2,5.71,https://cdn.myanimelist.net/images/anime/1091/94164.jpg
1052,Tokyo Juushouden,Shounen,OVA,3,5.67,https://cdn.myanimelist.net/images/anime/1534/100531.jpg
1065,Touch,Shounen,TV,101,8.16,https://cdn.myanimelist.net/images/anime/3/53087.jpg
1087,Kimagure OrangeÃ¢Ëœâ€ Road,Shounen,TV,48,7.7,https://cdn.myanimelist.net/images/anime/1069/131408.jpg
1094,One Piece: Umi no Heso no Daibouken-hen,Shounen,Special,1,7.44,https://cdn.myanimelist.net/images/anime/6/20923.jpg
1101,Tenchi Muyou! Manatsu no Eve,Shounen,Movie,1,7.21,https://cdn.myanimelist.net/images/anime/8/61319.jpg
1108,Senkaiden Houshin Engi,Shounen,TV,26,7.28,https://cdn.myanimelist.net/images/anime/1004/94169.jpg
1123,Beet the Vandel Buster Excellion,Shounen,TV,25,6.82,https://cdn.myanimelist.net/images/anime/4/21570.jpg
1133,Tenchi Muyou! GXP,Shounen,TV,26,7.25,https://cdn.myanimelist.net/images/anime/2/20295.jpg
1147,Tenchi Muyou! Ryououki 3rd Season: Tenchi Seirou naredo Namitakashi?,Shounen,OVA,1,7.39,https://cdn.myanimelist.net/images/anime/9/23557.jpg
1158,Geobreeders: File-X Chibi Neko Dakkan,Shounen,OVA,3,6.49,https://cdn.myanimelist.net/images/anime/3/28188.jpg
1170,Slayers Special,Shounen,OVA,3,7.47,https://cdn.myanimelist.net/images/anime/1372/92532.jpg
1171,Slayers Excellent,Shounen,OVA,3,7.43,https://cdn.myanimelist.net/images/anime/8/34993.jpg
1175,Metal Fighter Miku,Shounen,TV,13,6.2,https://cdn.myanimelist.net/images/anime/1160/97198.jpg
1179,Gakuen Senki Muryou,Shounen,TV,26,7.24,https://cdn.myanimelist.net/images/anime/10/75379.jpg
1183,Variable Geo,Shounen,OVA,3,5.82,https://cdn.myanimelist.net/images/anime/6/20912.jpg
1184,Lost Universe,Shounen,TV,26,7.1,https://cdn.myanimelist.net/images/anime/3/20409.jpg
1185,Battle Athletess Daiundoukai,Shounen,OVA,6,6.66,https://cdn.myanimelist.net/images/anime/5/83761.jpg
1186,Battle Athletess Daiundoukai (TV),Shounen,TV,26,7.02,https://cdn.myanimelist.net/images/anime/1203/117431.jpg
1190,Prince of Tennis: A Day on Survival Mountain,Shounen,OVA,1,7.48,https://cdn.myanimelist.net/images/anime/10/4471.jpg
1224,Aquarian Age: Sign for Evolution,Shounen,TV,13,6.25,https://cdn.myanimelist.net/images/anime/4/21141.jpg
1227,Shuten Douji,Shounen,OVA,4,6.05,https://cdn.myanimelist.net/images/anime/9/18492.jpg
1236,SF Saiyuuki Starzinger,Shounen,TV,73,7.27,https://cdn.myanimelist.net/images/anime/8/45698.jpg
1237,One Piece: Oounabara ni Hirake! Dekkai Dekkai Chichi no Yume!,Shounen,Special,1,7.43,https://cdn.myanimelist.net/images/anime/6/20850.jpg
1253,Saint Seiya: Meiou Hades Meikai-hen,Shounen,OVA,12,7.97,https://cdn.myanimelist.net/images/anime/12/75732.jpg
1261,Kyattou Ninden Teyandee,Shounen,TV,54,7.19,https://cdn.myanimelist.net/images/anime/1380/100202.jpg
1262,Macross II: Lovers Again,Shounen,OVA,6,6.47,https://cdn.myanimelist.net/images/anime/9/61069.jpg
1317,Eyeshield 21: Maboroshi no Golden Bowl,Shounen,Movie,1,6.8,https://cdn.myanimelist.net/images/anime/6/6087.jpg
1327,Aoki Densetsu Shoot!,Shounen,TV,58,7.53,https://cdn.myanimelist.net/images/anime/3/75214.jpg
1337,Dororon Enma-kun,Shounen,TV,25,6.38,https://cdn.myanimelist.net/images/anime/9/28204.jpg
1391,Future GPX Cyber Formula,Shounen,TV,37,7.54,https://cdn.myanimelist.net/images/anime/1653/140355.jpg
1392,Future GPX Cyber Formula 11,Shounen,OVA,6,7.52,https://cdn.myanimelist.net/images/anime/1686/117415.jpg
1393,Future GPX Cyber Formula Zero,Shounen,OVA,8,7.7,https://cdn.myanimelist.net/images/anime/7/4085.jpg
1394,Future GPX Cyber Formula Saga,Shounen,OVA,8,7.64,https://cdn.myanimelist.net/images/anime/1344/93011.jpg
1395,Future GPX Cyber Formula Sin,Shounen,OVA,5,7.72,https://cdn.myanimelist.net/images/anime/6/29342.jpg
1396,Future GPX Cyber Formula: Early Days Renewal,Shounen,OVA,2,6.58,https://cdn.myanimelist.net/images/anime/1957/106760.jpg
1409,IGPX: Immortal Grand Prix,Shounen,TV,5,6.77,https://cdn.myanimelist.net/images/anime/4/71648.jpg
1410,IGPX: Immortal Grand Prix (2005) 2nd Season,Shounen,TV,13,7.41,https://cdn.myanimelist.net/images/anime/3/21721.jpg
1440,Ninja Mono,Shounen,OVA,2,5.98,https://cdn.myanimelist.net/images/anime/8/62465.jpg
1445,Mach GoGoGo,Shounen,TV,52,6.75,https://cdn.myanimelist.net/images/anime/4/40191.jpg
1458,Uchuu no Kishi Tekkaman,Shounen,TV,26,6.55,https://cdn.myanimelist.net/images/anime/1159/134564.jpg
1459,Uchuu no Kishi Tekkaman Blade,Shounen,TV,49,7.58,https://cdn.myanimelist.net/images/anime/2/54793.jpg
1468,Baoh Raihousha,Shounen,OVA,1,6.2,https://cdn.myanimelist.net/images/anime/1274/112464.jpg
1479,City Hunter: Kinkyuu Namachuukei!? Kyouakuhan Saeba Ryou no Saigo,Shounen,Special,1,7.6,https://cdn.myanimelist.net/images/anime/1920/92378.jpg
1498,Black Blood Brothers,Shounen,TV,12,7.28,https://cdn.myanimelist.net/images/anime/5/13804.jpg
1515,Sentou Yousei Shoujo Tasukete! Mave-chan,Shounen,OVA,1,5.5,https://cdn.myanimelist.net/images/anime/2/20066.jpg
1536,Busou Renkin,Shounen,TV,26,7.51,https://cdn.myanimelist.net/images/anime/6/75566.jpg
1539,Touch: Cross Road - Kaze no Yukue,Shounen,Special,1,7.21,https://cdn.myanimelist.net/images/anime/13/6176.jpg
1540,"Touch: Miss Lonely Yesterday - Are kara, Kimi wa...",Shounen,Special,1,7.02,https://cdn.myanimelist.net/images/anime/1300/96421.jpg
1544,Super Robot Taisen OG The Animation,Shounen,OVA,3,6.79,https://cdn.myanimelist.net/images/anime/6/24378.jpg
1580,Mouryou Senki Madara,Shounen,OVA,2,6.4,https://cdn.myanimelist.net/images/anime/1092/112279.jpg
1596,Arcade Gamer Fubuki,Shounen,OVA,4,5.41,https://cdn.myanimelist.net/images/anime/1681/100065.jpg
1599,Eat-Man &#039;98,Shounen,TV,12,6.89,https://cdn.myanimelist.net/images/anime/11/20146.jpg
1604,Katekyo Hitman Reborn!,Shounen,TV,203,8.37,https://cdn.myanimelist.net/images/anime/13/80000.jpg
1611,Galerians: Rion,Shounen,OVA,3,5.74,https://cdn.myanimelist.net/images/anime/11/38577.jpg
1614,Captain Tsubasa: Road to 2002,Shounen,TV,52,7.45,https://cdn.myanimelist.net/images/anime/5/75526.jpg
1619,Negima!? Haru Special!?,Shounen,OVA,1,7.21,https://cdn.myanimelist.net/images/anime/9/23632.jpg
1628,Maou Dante,Shounen,TV,13,6.31,https://cdn.myanimelist.net/images/anime/5/84849.jpg
1658,Karakuri no Kimi,Shounen,OVA,1,6.69,https://cdn.myanimelist.net/images/anime/1/1658.jpg
1664,Babel Nisei (2001),Shounen,TV,13,5.91,https://cdn.myanimelist.net/images/anime/1038/98765.jpg
1666,Babel Nisei (1973),Shounen,TV,39,6.58,https://cdn.myanimelist.net/images/anime/5/64319.jpg
1667,Barom One,Shounen,TV,13,5.67,https://cdn.myanimelist.net/images/anime/1090/95417.jpg
1668,Bakuten Shoot Beyblade G Revolution,Shounen,TV,52,7.02,https://cdn.myanimelist.net/images/anime/1237/135138.jpg
1669,Bakuten Shoot Beyblade 2002,Shounen,TV,51,6.77,https://cdn.myanimelist.net/images/anime/1230/118855.jpg
1670,Bakuten Shoot Beyblade the Movie: Gekitou!! Takao vs. Daichi,Shounen,Movie,1,6.71,https://cdn.myanimelist.net/images/anime/1986/97773.jpg
1674,Captain Tsubasa J,Shounen,TV,47,7.37,https://cdn.myanimelist.net/images/anime/1140/92113.jpg
1704,Eat-Man,Shounen,TV,12,6.7,https://cdn.myanimelist.net/images/anime/1171/95124.jpg
1705,Genma Taisen: Shinwa Zenya no Shou,Shounen,TV,13,5.41,https://cdn.myanimelist.net/images/anime/1/1705.jpg
1707,Kinnikuman II Sei,Shounen,TV,51,6.95,https://cdn.myanimelist.net/images/anime/10/30373.jpg
1735,Naruto: Shippuuden,Shounen,TV,Unknown,7.94,https://cdn.myanimelist.net/images/anime/1565/111305.jpg
1737,Uchuu Senshi Baldios,Shounen,TV,34,6.79,https://cdn.myanimelist.net/images/anime/1603/98295.jpg
1764,Slam Dunk (Movie),Shounen,Movie,1,7.47,https://cdn.myanimelist.net/images/anime/5/31927.jpg
1771,Ring ni Kakero 1: Nichibei Kessen-hen,Shounen,TV,12,6.85,https://cdn.myanimelist.net/images/anime/1729/124742.jpg
1818,Claymore,Shounen,TV,26,7.92,https://cdn.myanimelist.net/images/anime/3/21834.jpg
1842,Major S3,Shounen,TV,26,8.4,https://cdn.myanimelist.net/images/anime/9/73971.jpg
1859,Grappler Baki,Shounen,OVA,1,6.95,https://cdn.myanimelist.net/images/anime/2/83803.jpg
1861,Slam Dunk: Zenkoku Seiha Da! Sakuragi Hanamichi,Shounen,Movie,1,7.66,https://cdn.myanimelist.net/images/anime/12/31929.jpg
1866,Seirei Tsukai,Shounen,Movie,1,5.94,https://cdn.myanimelist.net/images/anime/1/1866.jpg
1867,Oira Uchuu no Tankoufu,Shounen,OVA,2,6.46,https://cdn.myanimelist.net/images/anime/3/75572.jpg
1873,Plawres Sanshirou,Shounen,TV,37,7.66,https://cdn.myanimelist.net/images/anime/1/1873.jpg
2012,Jigoku Sensei Nube,Shounen,TV,49,7.65,https://cdn.myanimelist.net/images/anime/1068/99222.jpg
2023,Bakuen Campus Guardress,Shounen,OVA,4,6.34,https://cdn.myanimelist.net/images/anime/1087/93010.jpg
2050,Honoo no Tenkousei,Shounen,OVA,2,6.77,https://cdn.myanimelist.net/images/anime/10/79406.jpg
2056,Cosmo Police Justy,Shounen,OVA,1,5.8,https://cdn.myanimelist.net/images/anime/1087/135662.jpg
2098,"Shin Kimagure OrangeÃ¢Ëœâ€ Road: Soshite, Ano Natsu no Hajimari",Shounen,Movie,1,7.63,https://cdn.myanimelist.net/images/anime/1106/139433.jpg
2112,Over Drive,Shounen,TV,26,7.78,https://cdn.myanimelist.net/images/anime/3/89534.jpg
2116,Captain Tsubasa,Shounen,TV,128,7.35,https://cdn.myanimelist.net/images/anime/1580/134917.jpg
2117,Shin Captain Tsubasa,Shounen,OVA,13,7.21,https://cdn.myanimelist.net/images/anime/1235/134518.jpg
2118,Captain Tsubasa: Europe Daikessen,Shounen,Movie,1,7.02,https://cdn.myanimelist.net/images/anime/1234/110683.jpg
2119,Captain Tsubasa: Ayaushi! Zen Nihon Jr.,Shounen,Movie,1,6.88,https://cdn.myanimelist.net/images/anime/1902/134544.jpg
2120,Captain Tsubasa: Asu ni Mukatte Hashire!,Shounen,Movie,1,6.89,https://cdn.myanimelist.net/images/anime/11/73342.jpg
2121,Captain Tsubasa: Sekai Daikessen!! Jr. World Cup,Shounen,Movie,1,7,https://cdn.myanimelist.net/images/anime/1487/134516.jpg
2122,Captain Tsubasa: Saikyou no Teki! Holland Youth,Shounen,OVA,1,7.01,https://cdn.myanimelist.net/images/anime/1478/135494.jpg
2125,YuuÃ¢Ëœâ€ YuuÃ¢Ëœâ€ Hakusho: Eizou Hakusho,Shounen,OVA,2,7.48,https://cdn.myanimelist.net/images/anime/1740/109264.jpg
2126,YuuÃ¢Ëœâ€ YuuÃ¢Ëœâ€ Hakusho: Eizou Hakusho II,Shounen,OVA,4,7.5,https://cdn.myanimelist.net/images/anime/1784/125696.jpg
2130,Kaibutsu Oujo,Shounen,TV,25,7.16,https://cdn.myanimelist.net/images/anime/2/20946.jpg
2183,Ayane-chan High Kick!,Shounen,OVA,2,6.06,https://cdn.myanimelist.net/images/anime/7/73296.jpg
2222,Dr. Slump: Arale-chan,Shounen,TV,243,7.28,https://cdn.myanimelist.net/images/anime/9/38381.jpg
2248,Naruto: Dai Katsugeki!! Yuki Hime Shinobu Houjou Dattebayo! Special: Konoha Annual Sports Festival,Shounen,Special,1,6.96,https://cdn.myanimelist.net/images/anime/1/2473.jpg
2262,Sin: The Movie,Shounen,OVA,1,5.27,https://cdn.myanimelist.net/images/anime/4/42389.jpg
2321,Giant Robo the Animation: Chikyuu ga Seishi Suru Hi,Shounen,OVA,7,8,https://cdn.myanimelist.net/images/anime/1057/131970.jpg
2322,Giant Robo Gaiden Ginrei,Shounen,OVA,3,6.21,https://cdn.myanimelist.net/images/anime/1652/98494.jpg
2336,Hikaru no Go: New Year Special,Shounen,Special,1,7.45,https://cdn.myanimelist.net/images/anime/11/60751.jpg
2386,One Piece: Yume no Soccer Ou!,Shounen,Movie,1,7.34,https://cdn.myanimelist.net/images/anime/4/70587.jpg
2404,Zombie-Loan,Shounen,TV,11,7.06,https://cdn.myanimelist.net/images/anime/2/21539.jpg
2450,Crayon Shin-chan Movie 09: Arashi wo Yobu Mouretsu! Otona Teikoku no Gyakushuu,Shounen,Movie,1,7.79,https://cdn.myanimelist.net/images/anime/1824/94859.jpg
2454,Kimagure OrangeÃ¢Ëœâ€ Road: Ano Hi ni Kaeritai,Shounen,Movie,1,7.81,https://cdn.myanimelist.net/images/anime/1142/106021.jpg
2486,Rumiko Takahashi Anthology,Shounen,TV,13,7.39,https://cdn.myanimelist.net/images/anime/1272/129752.jpg
2490,One Piece: Mezase! Kaizoku Yakyuu Ou,Shounen,Movie,1,7.2,https://cdn.myanimelist.net/images/anime/8/70593.jpg
2498,Slam Dunk: Shouhoku Saidai no Kiki! Moero Sakuragi Hanamichi,Shounen,Movie,1,7.69,https://cdn.myanimelist.net/images/anime/1140/94409.jpg
2499,Slam Dunk: Hoero Basketman-damashii! Hanamichi to Rukawa no Atsuki Natsu,Shounen,Movie,1,7.78,https://cdn.myanimelist.net/images/anime/1931/94408.jpg
2516,Uchuu no Senshi,Shounen,OVA,6,6.34,https://cdn.myanimelist.net/images/anime/1611/99361.jpg
2520,Dragon Ball Specials,Shounen,Special,2,6.96,https://cdn.myanimelist.net/images/anime/13/24380.jpg
2563,Aria The OVA: Arietta,Shounen,OVA,1,8.13,https://cdn.myanimelist.net/images/anime/11/77622.jpg
2598,Juusenki L-Gaim,Shounen,TV,54,6.87,https://cdn.myanimelist.net/images/anime/3/46129.jpg
2599,Juusenki L-Gaim I: Pentagona Window + Lady Gyabure,Shounen,OVA,1,5.88,https://cdn.myanimelist.net/images/anime/2/3503.jpg
2600,Juusenki L-Gaim II: Farewell My Lovely + Pentagona Doors,Shounen,OVA,1,5.95,https://cdn.myanimelist.net/images/anime/1119/94289.jpg
2602,Kenkou Zenrakei Suieibu Umishou,Shounen,TV,13,7.26,https://cdn.myanimelist.net/images/anime/7/73477.jpg
2631,TheÃ¢Ëœâ€ Doraemons: Goal! Goal! Goal!!,Shounen,Movie,1,6.48,https://cdn.myanimelist.net/images/anime/12/30859.jpg
2668,Doraemon Movie 20: Nobita no Uchuu Hyouryuuki,Shounen,Movie,1,7.29,https://cdn.myanimelist.net/images/anime/1242/133732.jpg
2682,Aoki Densetsu Shoot! (Movie),Shounen,Movie,1,6.96,https://cdn.myanimelist.net/images/anime/1453/96649.jpg
2684,Buzzer Beater 2nd Season,Shounen,TV,13,7,https://cdn.myanimelist.net/images/anime/3/57419.jpg
2703,Chousoku Spinner,Shounen,TV,22,6.85,https://cdn.myanimelist.net/images/anime/1226/119140.jpg
2705,Bakusou Kyoudai Let&#039;s &amp; Go,Shounen,TV,51,6.86,https://cdn.myanimelist.net/images/anime/7/26251.jpg
2706,Bakusou Kyoudai Let&#039;s &amp; Go WGP,Shounen,TV,51,7.07,https://cdn.myanimelist.net/images/anime/6/50431.jpg
2709,Bakusou Kyoudai Let&#039;s &amp; Go MAX,Shounen,TV,51,6.74,https://cdn.myanimelist.net/images/anime/13/18301.jpg
2725,Tenchi Muyou!: Galaxy Police Mihoshi Space Adventure,Shounen,OVA,1,6.96,https://cdn.myanimelist.net/images/anime/1274/94457.jpg
2745,Jigoku Sensei Nube OVA,Shounen,OVA,3,7.3,https://cdn.myanimelist.net/images/anime/1091/103240.jpg
2748,Dash! Kappei,Shounen,TV,65,7.3,https://cdn.myanimelist.net/images/anime/1319/90363.jpg
2758,Shippuu! Iron Leaguer,Shounen,TV,52,7.15,https://cdn.myanimelist.net/images/anime/1732/94303.jpg
2889,Bleach Movie 2: The DiamondDust Rebellion - Mou Hitotsu no Hyourinmaru,Shounen,Movie,1,7.6,https://cdn.myanimelist.net/images/anime/12/7499.jpg
2985,Majin Tantei Nougami Neuro,Shounen,TV,25,7.76,https://cdn.myanimelist.net/images/anime/12/20930.jpg
2993,Rosario to Vampire,Shounen,TV,13,7.14,https://cdn.myanimelist.net/images/anime/12/75242.jpg
3009,Tiger Mask,Shounen,TV,105,7.38,https://cdn.myanimelist.net/images/anime/8/71351.jpg
3012,Gekitou! Crush Gear Turbo,Shounen,TV,68,6.86,https://cdn.myanimelist.net/images/anime/3/39489.jpg
3015,Ginga Eiyuu Densetsu Gaiden: Ougon no Tsubasa,Shounen,Movie,1,6.41,https://cdn.myanimelist.net/images/anime/1570/119418.jpg
3053,Ganbare! Kickers,Shounen,TV,23,6.9,https://cdn.myanimelist.net/images/anime/1322/90364.jpg
3059,Ninja Senshi Tobikage,Shounen,TV,43,7.18,https://cdn.myanimelist.net/images/anime/7/20897.jpg
3079,Aoki Ryuusei SPT Layzner,Shounen,TV,38,7.22,https://cdn.myanimelist.net/images/anime/1106/91083.jpg
3101,F-Zero: Falcon Densetsu,Shounen,TV,51,6.46,https://cdn.myanimelist.net/images/anime/1569/95419.jpg
3114,Chiisana Kyojin Microman,Shounen,TV,52,6.53,https://cdn.myanimelist.net/images/anime/1058/110297.jpg
3116,Dash! Yonkurou,Shounen,TV,25,7.08,https://cdn.myanimelist.net/images/anime/11/50417.jpg
3154,Gatchaman,Shounen,OVA,3,6.59,https://cdn.myanimelist.net/images/anime/6/63307.jpg
3183,MAPS: Densetsu no Samayoeru Seijin-tachi,Shounen,OVA,1,6.2,https://cdn.myanimelist.net/images/anime/11/47479.jpg
3213,Ganbare Genki,Shounen,TV,35,7.6,https://cdn.myanimelist.net/images/anime/9/25530.jpg
3218,Gensoumaden Saiyuuki OVA,Shounen,OVA,2,7.31,https://cdn.myanimelist.net/images/anime/10/67873.jpg
3226,Major S4,Shounen,TV,26,8.35,https://cdn.myanimelist.net/images/anime/9/75217.jpg
3235,Magma Taishi,Shounen,OVA,13,5.98,https://cdn.myanimelist.net/images/anime/1594/99247.jpg
3270,IGPX: Immortal Grand Prix (2005),Shounen,TV,13,7.24,https://cdn.myanimelist.net/images/anime/9/5176.jpg
3272,Kinnikuman,Shounen,TV,137,7.35,https://cdn.myanimelist.net/images/anime/5/5182.jpg
3273,Kinnikuman (1984),Shounen,Movie,1,6.63,https://cdn.myanimelist.net/images/anime/1457/98817.jpg
3274,Kinnikuman: Ooabare! Seigi Choujin,Shounen,Movie,1,6.54,https://cdn.myanimelist.net/images/anime/1274/98815.jpg
3275,Kinnikuman: Seigi Choujin vs. Kodai Choujin,Shounen,Movie,1,6.44,https://cdn.myanimelist.net/images/anime/1744/97584.jpg
3276,Kinnikuman: Gyakushuu! Uchuu Kakure Choujin,Shounen,Movie,1,6.41,https://cdn.myanimelist.net/images/anime/2/70113.jpg
3277,Kinnikuman: Haresugata! Seigi Choujin,Shounen,Movie,1,6.3,https://cdn.myanimelist.net/images/anime/1517/111937.jpg
3278,Kinnikuman: New York Kiki Ippatsu!,Shounen,Movie,1,6.42,https://cdn.myanimelist.net/images/anime/1783/97583.jpg
3279,Kinnikuman: Seigi Choujin vs. Senshi Choujin,Shounen,Movie,1,6.22,https://cdn.myanimelist.net/images/anime/1102/97585.jpg
3280,Kinnikuman: Kessen! Shichinin no Seigi Choujin vs. Uchuu Nobushi,Shounen,Special,1,6.6,https://cdn.myanimelist.net/images/anime/5/19112.jpg
3281,Kinnikuman: Kinnikusei Oui Soudatsu-hen,Shounen,TV,46,7.06,https://cdn.myanimelist.net/images/anime/1877/105621.jpg
3297,Aria The Origination,Shounen,TV,13,8.64,https://cdn.myanimelist.net/images/anime/1394/129606.jpg
3312,Dr. Slump,Shounen,TV,74,7.11,https://cdn.myanimelist.net/images/anime/1475/116861.jpg
3322,Wagaya no Oinari-sama.,Shounen,TV,24,7.31,https://cdn.myanimelist.net/images/anime/10/21249.jpg
3354,Zombie-Loan Specials,Shounen,Special,2,7.19,https://cdn.myanimelist.net/images/anime/7/25890.jpg
3438,Moero! Top Striker,Shounen,TV,49,6.79,https://cdn.myanimelist.net/images/anime/5/58213.jpg
3444,The Ultraman,Shounen,TV,50,6.53,https://cdn.myanimelist.net/images/anime/10/61901.jpg
3503,Kanokon,Shounen,TV,12,6.74,https://cdn.myanimelist.net/images/anime/11/9490.jpg
3515,Saint Seiya: Meiou Hades Elysion-hen,Shounen,OVA,6,7.82,https://cdn.myanimelist.net/images/anime/9/55659.jpg
3568,Ganbarist! Shun,Shounen,TV,30,7.43,https://cdn.myanimelist.net/images/anime/1867/132229.jpg
3588,Soul Eater,Shounen,TV,51,8.08,https://cdn.myanimelist.net/images/anime/9/7804.jpg
3603,JoJo no Kimyou na Bouken: Phantom Blood,Shounen,Movie,1,7.77,https://cdn.myanimelist.net/images/anime/5/50055.jpg
3655,Nabari no Ou,Shounen,TV,26,7.44,https://cdn.myanimelist.net/images/anime/13/79037.jpg
3672,Tottemo! Luckyman,Shounen,TV,50,6.89,https://cdn.myanimelist.net/images/anime/1130/134623.jpg
3745,Crayon Shin-chan Movie 02: Buriburi Oukoku no Hihou,Shounen,Movie,1,7.15,https://cdn.myanimelist.net/images/anime/8/22020.jpg
3768,Play Ball,Shounen,TV,13,6.4,https://cdn.myanimelist.net/images/anime/12/6695.jpg
3769,Play Ball 2nd,Shounen,TV,13,6.56,https://cdn.myanimelist.net/images/anime/8/6696.jpg
3791,Air Gear Special,Shounen,Special,1,7.43,https://cdn.myanimelist.net/images/anime/1902/97393.jpg
3808,Futari Daka,Shounen,TV,36,6.3,https://cdn.myanimelist.net/images/anime/2/59891.jpg
3825,Dokaben,Shounen,TV,163,6.49,https://cdn.myanimelist.net/images/anime/1004/121849.jpg
3827,Ore wa Teppei,Shounen,TV,28,6.77,https://cdn.myanimelist.net/images/anime/1026/90306.jpg
3848,"One Piece Movie 9: Episode of Chopper Plus - Fuyu ni Saku, Kiseki no Sakura",Shounen,Movie,1,7.65,https://cdn.myanimelist.net/images/anime/1709/135258.jpg
3853,Crayon Shin-chan Manatsu no Yoru ni Ora Sanjou! Arashi wo Yobu Den-O vs. Shin-O 60-bu Special!!,Shounen,Special,1,6.82,https://cdn.myanimelist.net/images/anime/10/6890.jpg
3861,Shaman King Specials,Shounen,Special,5,7.39,https://cdn.myanimelist.net/images/anime/13/21688.jpg
3870,Kick no Oni,Shounen,TV,26,7.25,https://cdn.myanimelist.net/images/anime/1578/113488.jpg
3907,Ginga Sengoku Gunyuuden Rai,Shounen,TV,52,8.12,https://cdn.myanimelist.net/images/anime/6/30829.jpg
3958,Kannagi,Shounen,TV,13,7.43,https://cdn.myanimelist.net/images/anime/3/19724.jpg
4038,Zettai Karen Children,Shounen,TV,51,7.47,https://cdn.myanimelist.net/images/anime/5/75581.jpg
4053,Prince of Tennis: The National Tournament Finals,Shounen,OVA,7,8.15,https://cdn.myanimelist.net/images/anime/1142/133867.jpg
4062,Musashi no Ken,Shounen,TV,72,7.4,https://cdn.myanimelist.net/images/anime/5/22398.jpg
4121,Meimon! Daisan Yakyuubu,Shounen,TV,40,6.44,https://cdn.myanimelist.net/images/anime/1682/120950.jpg
4188,Mahou Sensei Negima! Shiroki Tsubasa Ala Alba,Shounen,OVA,3,7.68,https://cdn.myanimelist.net/images/anime/1916/98810.jpg
4298,Futari no Joe,Shounen,OVA,6,6.37,https://cdn.myanimelist.net/images/anime/8/8086.jpg
4411,Mirai Robo Daltanias,Shounen,TV,47,6.86,https://cdn.myanimelist.net/images/anime/12/52299.jpg
4437,Naruto: Shippuuden Movie 2 - Kizuna,Shounen,Movie,1,7.43,https://cdn.myanimelist.net/images/anime/1484/134494.jpg
4483,Mahoutsukai ni Taisetsu na Koto: Natsu no Sora,Shounen,TV,12,7.4,https://cdn.myanimelist.net/images/anime/10/50399.jpg
4548,Yozakura Quartet,Shounen,TV,12,6.96,https://cdn.myanimelist.net/images/anime/11/74266.jpg
4772,Aria The Origination: Sono Choppiri Himitsu no Basho ni...,Shounen,Special,1,8.16,https://cdn.myanimelist.net/images/anime/11/15053.jpg
4773,Yamato Takeru,Shounen,TV,37,7.13,https://cdn.myanimelist.net/images/anime/11/20270.jpg
4835,Bleach Movie 3: Fade to Black - Kimi no Na wo Yobu,Shounen,Movie,1,7.66,https://cdn.myanimelist.net/images/anime/3/64689.jpg
4886,InuYasha: Kuroi Tessaiga,Shounen,Special,1,7.89,https://cdn.myanimelist.net/images/anime/8/60877.jpg
4898,Kuroshitsuji,Shounen,TV,24,8.06,https://cdn.myanimelist.net/images/anime/1467/137783.jpg
4938,Tsubasa: Shunraiki,Shounen,OVA,2,8.23,https://cdn.myanimelist.net/images/anime/9/33841.jpg
5002,Bari Bari Densetsu,Shounen,OVA,2,6.76,https://cdn.myanimelist.net/images/anime/4/58873.jpg
5029,Major Movie: Yuujou no Winning Shot,Shounen,Movie,1,8.16,https://cdn.myanimelist.net/images/anime/10/75221.jpg
5157,Alexander Senki Movie,Shounen,Movie,1,6.12,https://cdn.myanimelist.net/images/anime/1831/95687.jpg
5196,Aria The Origination Picture Drama,Shounen,Special,7,7.27,https://cdn.myanimelist.net/images/anime/13/36237.jpg
5197,Dragon League,Shounen,TV,39,7.18,https://cdn.myanimelist.net/images/anime/5/49791.jpg
5231,Inazuma Eleven,Shounen,TV,127,7.72,https://cdn.myanimelist.net/images/anime/1854/94704.jpg
5244,Aria The Natural: Sono Futatabi Deaeru Kiseki ni...,Shounen,Special,1,7.56,https://cdn.myanimelist.net/images/anime/9/10494.jpg
5252,One Piece: Romance Dawn Story,Shounen,OVA,1,7.55,https://cdn.myanimelist.net/images/anime/1400/138596.jpg
5258,Hajime no Ippo: New Challenger,Shounen,TV,26,8.75,https://cdn.myanimelist.net/images/anime/8/56617.jpg
5296,Jigoku Sensei Nube: Kyoufu no Natsu Yasumi! Asashi no Uni no Gensetsu,Shounen,Movie,1,6.93,https://cdn.myanimelist.net/images/anime/9/21282.jpg
5484,Wagaya no Oinari-sama. Specials,Shounen,Special,12,6.81,https://cdn.myanimelist.net/images/anime/13/61001.jpg
5485,Shin Mazinger Shougeki! Z-hen,Shounen,TV,26,7.96,https://cdn.myanimelist.net/images/anime/1022/92865.jpg
5493,Ranma Ã‚Â½: Akumu! Shunmin Kou,Shounen,OVA,1,7.7,https://cdn.myanimelist.net/images/anime/10/63469.jpg
5530,Pandora Hearts,Shounen,TV,25,7.92,https://cdn.myanimelist.net/images/anime/4/75535.jpg
5538,Tegamibachi: Hikari to Ao no Gensou Yawa,Shounen,Special,1,7.55,https://cdn.myanimelist.net/images/anime/9/84685.jpg
5675,Basquash!,Shounen,TV,26,7.38,https://cdn.myanimelist.net/images/anime/9/13680.jpg
5751,Prince of Tennis: Another Story - Messages From Past and Future,Shounen,OVA,4,7.82,https://cdn.myanimelist.net/images/anime/1907/133535.jpg
5755,Aoki Ryuusei SPT Layzner OVA,Shounen,OVA,3,7.01,https://cdn.myanimelist.net/images/anime/11/53335.jpg
5833,Tondemo Senshi Muteking,Shounen,TV,56,6.73,https://cdn.myanimelist.net/images/anime/5/88117.jpg
5849,Zettai Karen Children Recap,Shounen,Special,1,6.61,https://cdn.myanimelist.net/images/anime/2/23158.jpg
5865,Nanaka 6/17 Special,Shounen,Special,1,6.77,https://cdn.myanimelist.net/images/anime/10/47051.jpg
5958,Sora no Otoshimono,Shounen,TV,13,7.68,https://cdn.myanimelist.net/images/anime/5/50307.jpg
5967,Kinnikuman II Sei: Ultimate Muscle,Shounen,TV,13,6.99,https://cdn.myanimelist.net/images/anime/9/22234.jpg
5968,Kinnikuman II Sei: Ultimate Muscle 2,Shounen,TV,13,7.03,https://cdn.myanimelist.net/images/anime/10/14986.jpg
5978,Kannagi: Moshimo Kannagi ga Attara...,Shounen,Special,1,7.17,https://cdn.myanimelist.net/images/anime/3/19725.jpg
5992,Tsuyoshi Shikkari Shinasai,Shounen,TV,112,7.05,https://cdn.myanimelist.net/images/anime/1886/135496.jpg
5996,Prince of Tennis: Oshougatsu Special,Shounen,Special,1,7.04,https://cdn.myanimelist.net/images/anime/5/13038.jpg
5997,Sabu to Ichi Torimono Hikae,Shounen,TV,52,7.1,https://cdn.myanimelist.net/images/anime/9/84054.jpg
6033,Dragon Ball Kai,Shounen,TV,97,7.95,https://cdn.myanimelist.net/images/anime/1102/133990.jpg
6050,Mahou Sensei Negima! Mou Hitotsu no Sekai,Shounen,OVA,4,7.85,https://cdn.myanimelist.net/images/anime/1434/98809.jpg
6055,F,Shounen,TV,31,6.93,https://cdn.myanimelist.net/images/anime/9/73616.jpg
6163,Kuroshitsuji Recap,Shounen,Special,1,7.32,https://cdn.myanimelist.net/images/anime/11/13586.jpg
6171,Saint Seiya: The Lost Canvas - Meiou Shinwa,Shounen,OVA,13,8.24,https://cdn.myanimelist.net/images/anime/8/75546.jpg
6217,Crayon Shin-chan Movie 03: Unkokusai no Yabou,Shounen,Movie,1,7.17,https://cdn.myanimelist.net/images/anime/1497/94853.jpg
6325,Naruto: Shippuuden Movie 3 - Hi no Ishi wo Tsugu Mono,Shounen,Movie,1,7.5,https://cdn.myanimelist.net/images/anime/1493/116732.jpg
6418,Eyeshield 21: Jump Festa 2005 Special,Shounen,Special,1,6.89,https://cdn.myanimelist.net/images/anime/12/32103.jpg
6444,Tegamibachi,Shounen,TV,25,7.76,https://cdn.myanimelist.net/images/anime/9/71808.jpg
6460,Crayon Shin-chan Movie 05: Ankoku Tamatama Daitsuiseki,Shounen,Movie,1,7.29,https://cdn.myanimelist.net/images/anime/3/22021.jpg
6511,Beast Wars Neo,Shounen,TV,35,6.69,https://cdn.myanimelist.net/images/anime/1880/133517.jpg
6707,Kuroshitsuji II,Shounen,TV,12,7.55,https://cdn.myanimelist.net/images/anime/4/50499.jpg
6714,Dragon Ball Z: Atsumare! Gokuu World,Shounen,OVA,1,6.76,https://cdn.myanimelist.net/images/anime/2/55203.jpg
6811,InuYasha: Kanketsu-hen,Shounen,TV,26,8.37,https://cdn.myanimelist.net/images/anime/7/75570.jpg
6941,Toriko: Jump Super Anime Tour 2009 Special,Shounen,Special,1,7.13,https://cdn.myanimelist.net/images/anime/1316/100672.jpg
7048,Crush Gear Nitro,Shounen,TV,50,6.58,https://cdn.myanimelist.net/images/anime/1925/94230.jpg
7427,Getsumen To Heiki Mina Specials,Shounen,Special,2,6.24,https://cdn.myanimelist.net/images/anime/11/17761.jpg
7559,Fate/stay night TV Reproduction,Shounen,OVA,2,7.02,https://cdn.myanimelist.net/images/anime/7/33537.jpg
7592,Nurarihyon no Mago,Shounen,TV,24,7.78,https://cdn.myanimelist.net/images/anime/9/75631.jpg
7745,Zettai Karen Children OVA: Aitazousei! Ubawareta Mirai?,Shounen,OVA,1,7.36,https://cdn.myanimelist.net/images/anime/9/25283.jpg
7793,Ring ni Kakero 1: Kage Dou-hen,Shounen,TV,6,6.89,https://cdn.myanimelist.net/images/anime/9/18864.jpg
7858,Sora no Otoshimono: Project Pink,Shounen,OVA,1,7.63,https://cdn.myanimelist.net/images/anime/2/19135.jpg
8145,Gegege no Kitarou: Nippon Bakuretsu,Shounen,Movie,1,6.48,https://cdn.myanimelist.net/images/anime/8/20485.jpg
8146,Gegege no Kitarou: Daikaijuu,Shounen,Movie,1,6.43,https://cdn.myanimelist.net/images/anime/4/20380.jpg
8171,One Piece Recap,Shounen,OVA,1,7.34,https://cdn.myanimelist.net/images/anime/9/20706.jpg
8208,Jigoku Sensei Nube (Movie),Shounen,Movie,1,6.82,https://cdn.myanimelist.net/images/anime/13/21280.jpg
8228,Jigoku Sensei Nube: Gozen 0 toki Nube Shisu,Shounen,Movie,1,6.91,https://cdn.myanimelist.net/images/anime/1416/98422.jpg
8246,Naruto: Shippuuden Movie 4 - The Lost Tower,Shounen,Movie,1,7.53,https://cdn.myanimelist.net/images/anime/1479/116734.jpg
8247,Bleach Movie 4: Jigoku-hen,Shounen,Movie,1,7.75,https://cdn.myanimelist.net/images/anime/1554/134492.jpg
8311,Tegamibachi Reverse,Shounen,TV,25,7.9,https://cdn.myanimelist.net/images/anime/4/26472.jpg
8358,Crayon Shin-chan Movie 01: Action Kamen vs. Haigure Maou,Shounen,Movie,1,7.07,https://cdn.myanimelist.net/images/anime/12/22017.jpg
8359,Crayon Shin-chan Movie 04: Henderland no Daibouken,Shounen,Movie,1,7.26,https://cdn.myanimelist.net/images/anime/1429/94854.jpg
8360,Crayon Shin-chan Movie 06: Dengeki! Buta no Hizume Daisakusen,Shounen,Movie,1,7.07,https://cdn.myanimelist.net/images/anime/1422/94856.jpg
8361,Crayon Shin-chan Movie 07: Bakuhatsu! Onsen Wakuwaku Daikessen,Shounen,Movie,1,6.96,https://cdn.myanimelist.net/images/anime/10/22023.jpg
8362,Crayon Shin-chan Movie 08: Arashi wo Yobu Jungle,Shounen,Movie,1,7.21,https://cdn.myanimelist.net/images/anime/13/22024.jpg
8363,Crayon Shin-chan Movie 11: Arashi wo Yobu Eikou no Yakiniku Road,Shounen,Movie,1,7.23,https://cdn.myanimelist.net/images/anime/13/83765.jpg
8364,Crayon Shin-chan Movie 12: Arashi wo Yobu! Yuuhi no Kasukabe Boys,Shounen,Movie,1,7.22,https://cdn.myanimelist.net/images/anime/4/22028.jpg
8365,Crayon Shin-chan Movie 13: Densetsu wo Yobu Buriburi 3 Pun Dai Shingeki,Shounen,Movie,1,6.85,https://cdn.myanimelist.net/images/anime/6/22029.jpg
8366,Crayon Shin-chan Movie 14: Densetsu wo Yobu Odore! Amigo!,Shounen,Movie,1,6.88,https://cdn.myanimelist.net/images/anime/10/83750.jpg
8367,Crayon Shin-chan Movie 16: Chou Arashi wo Yobu Kinpoko no Yuusha,Shounen,Movie,1,6.77,https://cdn.myanimelist.net/images/anime/12/22031.jpg
8368,Crayon Shin-chan Movie 17: Otakebe! Kasukabe Yasei Oukoku,Shounen,Movie,1,6.93,https://cdn.myanimelist.net/images/anime/2/22032.jpg
8369,Crayon Shin-chan Movie 18: Chou Jikuu! Arashi wo Yobu Ora no Hanayome,Shounen,Movie,1,7.38,https://cdn.myanimelist.net/images/anime/11/83770.jpg
8407,Sora no Otoshimono: Forte,Shounen,TV,12,7.86,https://cdn.myanimelist.net/images/anime/11/50309.jpg
8457,Yozakura Quartet: Hoshi no Umi,Shounen,OVA,3,7.47,https://cdn.myanimelist.net/images/anime/10/27779.jpg
8460,Mirai Nikki,Shounen,OVA,1,7.51,https://cdn.myanimelist.net/images/anime/10/22971.jpg
8525,Kami nomi zo Shiru Sekai,Shounen,TV,12,7.95,https://cdn.myanimelist.net/images/anime/2/43361.jpg
8557,Shinryaku! Ika Musume,Shounen,TV,12,7.6,https://cdn.myanimelist.net/images/anime/1734/118930.jpg
8675,Seitokai Yakuindomo,Shounen,TV,13,7.71,https://cdn.myanimelist.net/images/anime/4/75550.jpg
8740,One Piece Film: Strong World Episode 0,Shounen,OVA,1,8.16,https://cdn.myanimelist.net/images/anime/1172/109469.jpg
8953,Nine,Shounen,Special,1,6.71,https://cdn.myanimelist.net/images/anime/3/24810.jpg
9032,Inazuma Eleven: Saikyou Gundan Ogre Shuurai,Shounen,Movie,1,7.49,https://cdn.myanimelist.net/images/anime/12/31189.jpg
9077,Rokudenashi Blues,Shounen,Movie,1,6.62,https://cdn.myanimelist.net/images/anime/13/25146.jpg
9078,Rokudenashi Blues 1993,Shounen,Movie,1,6.6,https://cdn.myanimelist.net/images/anime/3/25147.jpg
9120,Beelzebub: Hirotta Akachan wa Daimaou!?,Shounen,Special,1,7.34,https://cdn.myanimelist.net/images/anime/7/26349.jpg
9127,Zettai Karen Children Gentei Kaikin!! OVA Chou Sakidori Special!!,Shounen,OVA,1,6.98,https://cdn.myanimelist.net/images/anime/12/25282.jpg
9130,Saint Seiya: The Lost Canvas - Meiou Shinwa 2,Shounen,OVA,13,8.36,https://cdn.myanimelist.net/images/anime/12/29597.jpg
9136,Kuroshitsuji II Specials,Shounen,Special,6,7.73,https://cdn.myanimelist.net/images/anime/7/26664.jpg
9159,Kaibutsu Oujo (OVA),Shounen,OVA,3,7.21,https://cdn.myanimelist.net/images/anime/12/27643.jpg
9177,Burning Blood,Shounen,OVA,3,6.33,https://cdn.myanimelist.net/images/anime/13/42743.jpg
9201,Air Gear: Kuro no Hane to Nemuri no Mori - Break on the Sky,Shounen,OVA,3,7.77,https://cdn.myanimelist.net/images/anime/8/74158.jpg
9331,Yumekui Merry,Shounen,TV,13,7.08,https://cdn.myanimelist.net/images/anime/3/30869.jpg
9376,Yamato Takeru: After War,Shounen,OVA,2,6.58,https://cdn.myanimelist.net/images/anime/1240/96605.jpg
9424,Seupideuwang Beongae,Shounen,TV,26,6.36,https://cdn.myanimelist.net/images/anime/13/26097.jpg
9513,Beelzebub,Shounen,TV,60,8.04,https://cdn.myanimelist.net/images/anime/3/28013.jpg
9675,Kami nomi zo Shiru Sekai: Flag 0,Shounen,OVA,1,6.97,https://cdn.myanimelist.net/images/anime/11/26824.jpg
9731,Nurarihyon no Mago Recaps,Shounen,Special,2,6.38,https://cdn.myanimelist.net/images/anime/12/26961.jpg
9750,Itsuka Tenma no Kuro Usagi,Shounen,TV,12,6.83,https://cdn.myanimelist.net/images/anime/5/75197.jpg
9790,Sora no Otoshimono: Tokeijikake no Angeloid,Shounen,Movie,1,7.87,https://cdn.myanimelist.net/images/anime/1551/112732.jpg
9857,Bakusou Kyoudai Let&#039;s &amp; Go Special,Shounen,Special,1,6.59,https://cdn.myanimelist.net/images/anime/13/27281.jpg
9858,Bakusou Kyoudai Let&#039;s &amp; Go!! WGP Bousou Mini Yonku Daitsuiseki,Shounen,Movie,1,6.82,https://cdn.myanimelist.net/images/anime/1059/134319.jpg
9905,Captain (TV),Shounen,TV,26,6.46,https://cdn.myanimelist.net/images/anime/1393/92204.jpg
9919,Ao no Exorcist,Shounen,TV,25,7.92,https://cdn.myanimelist.net/images/anime/10/75195.jpg
10017,Dragon Ball: Super Saiya-jin Zetsumetsu Keikaku,Shounen,OVA,1,7.07,https://cdn.myanimelist.net/images/anime/1131/122382.jpg
10049,Nurarihyon no Mago: Sennen Makyou,Shounen,TV,24,8.15,https://cdn.myanimelist.net/images/anime/5/77300.jpg
10055,Black Jack: Heian Sento,Shounen,Movie,1,6.61,https://cdn.myanimelist.net/images/anime/9/27872.jpg
10075,Naruto x UT,Shounen,OVA,1,7.58,https://cdn.myanimelist.net/images/anime/3/30485.jpg
10080,Kami nomi zo Shiru Sekai II,Shounen,TV,12,8.12,https://cdn.myanimelist.net/images/anime/11/30030.jpg
10119,Seitokai Yakuindomo OVA,Shounen,OVA,8,7.89,https://cdn.myanimelist.net/images/anime/1631/111781.jpg
10189,Hunter x Hunter Pilot,Shounen,OVA,1,7.37,https://cdn.myanimelist.net/images/anime/1142/122815.jpg
10224,Uchuu Majin Daikengou,Shounen,TV,26,6.6,https://cdn.myanimelist.net/images/anime/3/78264.jpg
10338,Honto ni Atta! Reibai Sensei,Shounen,TV,22,6.66,https://cdn.myanimelist.net/images/anime/7/29163.jpg
10351,Tenchi Muyou! Ryououki 2nd Season Picture Drama,Shounen,Special,1,7.18,https://cdn.myanimelist.net/images/anime/9/28449.jpg
10360,Kinniku Banzuke: Kongou-kun no Daibouken!,Shounen,TV,3,5.63,https://cdn.myanimelist.net/images/anime/11/28485.jpg
10378,Shinryaku!? Ika Musume,Shounen,TV,12,7.62,https://cdn.myanimelist.net/images/anime/6/30120.jpg
10460,Kimi to Boku.,Shounen,TV,13,7.85,https://cdn.myanimelist.net/images/anime/4/34949.jpg
10479,Beelzebub Specials,Shounen,Special,16,7.44,https://cdn.myanimelist.net/images/anime/4/31637.jpg
10507,Inazuma Eleven Go,Shounen,TV,47,7.32,https://cdn.myanimelist.net/images/anime/2/48959.jpg
10562,Machine Hayabusa,Shounen,TV,21,6.36,https://cdn.myanimelist.net/images/anime/10/29015.jpg
10573,Prince of Tennis: Another Story II - Ano Toki no Bokura,Shounen,OVA,4,7.71,https://cdn.myanimelist.net/images/anime/8/29026.jpg
10589,Naruto: Shippuuden Movie 5 - Blood Prison,Shounen,Movie,1,7.62,https://cdn.myanimelist.net/images/anime/1500/134496.jpg
10592,Scryed Alteration I: Tao,Shounen,Movie,1,7.13,https://cdn.myanimelist.net/images/anime/9/36831.jpg
10620,Mirai Nikki (TV),Shounen,TV,26,8.07,https://cdn.myanimelist.net/images/anime/13/33465.jpg
10647,Ao no Exorcist: Ura Ex,Shounen,Special,10,7.26,https://cdn.myanimelist.net/images/anime/11/38149.jpg
10659,Naruto Soyokazeden Movie: Naruto to Mashin to Mitsu no Onegai Dattebayo!!,Shounen,Movie,1,7.11,https://cdn.myanimelist.net/images/anime/10/31573.jpg
10686,Naruto: Honoo no Chuunin Shiken! Naruto vs. Konohamaru!!,Shounen,Movie,1,7.27,https://cdn.myanimelist.net/images/anime/9/30813.jpg
10731,Prince of Tennis: Eikokushiki Teikyuu Shiro Kessen!,Shounen,Movie,1,7.6,https://cdn.myanimelist.net/images/anime/3/32079.jpg
10732,Konjiki no Gash Bell!!: Hashire Gash!! Ubawareta Umagon,Shounen,OVA,1,6.79,https://cdn.myanimelist.net/images/anime/13/32975.jpg
10765,Hikaru no Go Special,Shounen,OVA,1,7.59,https://cdn.myanimelist.net/images/anime/9/29669.jpg
10805,Kami nomi zo Shiru Sekai: 4-nin to Idol,Shounen,OVA,1,7.42,https://cdn.myanimelist.net/images/anime/12/32297.jpg
10862,Prince of Tennis: Pairpuri,Shounen,Special,8,7.46,https://cdn.myanimelist.net/images/anime/3/30020.jpg
10869,Scan2Go,Shounen,TV,52,6.19,https://cdn.myanimelist.net/images/anime/1544/100121.jpg
10886,Nurarihyon no Mago: Jump Super Anime Tour Special,Shounen,Special,1,6.67,https://cdn.myanimelist.net/images/anime/10/30061.jpg
10934,Itsuka Tenma no Kuro Usagi OVA,Shounen,OVA,1,7.09,https://cdn.myanimelist.net/images/anime/9/79553.jpg
10937,Mobile Suit Gundam: The Origin,Shounen,OVA,6,8.42,https://cdn.myanimelist.net/images/anime/4/72702.jpg
10943,Tsuyoshi Shikkari Shinasai: Tsuyoshi no Time Machine de Shikkari Shinasai,Shounen,Movie,1,6.73,https://cdn.myanimelist.net/images/anime/1355/135497.jpg
10999,Inazuma Eleven Go: Kyuukyoku no Kizuna Gryphon,Shounen,Movie,1,7.71,https://cdn.myanimelist.net/images/anime/7/44972.jpg
11013,Inu x Boku SS,Shounen,TV,12,7.69,https://cdn.myanimelist.net/images/anime/1760/98794.jpg
11061,Hunter x Hunter (2011),Shounen,TV,148,9.13,https://cdn.myanimelist.net/images/anime/1337/99013.jpg
11083,Nurarihyon no Mago: Sennen Makyou Recaps,Shounen,Special,2,6.68,https://cdn.myanimelist.net/images/anime/12/31455.jpg
11266,Ao no Exorcist: Kuro no Iede,Shounen,Special,1,7.43,https://cdn.myanimelist.net/images/anime/11/73495.jpg
11299,Keroro Gunsou: KeroZero Shupattsudayo! Zeninshuugou!,Shounen,Special,1,7.15,https://cdn.myanimelist.net/images/anime/13/31493.jpg
11359,Dragon Ball Kai: Mirai ni Heiwa wo! Goku no Tamashii yo Eien ni,Shounen,Special,1,7.68,https://cdn.myanimelist.net/images/anime/13/33877.jpg
11371,New Prince of Tennis,Shounen,TV,13,7.67,https://cdn.myanimelist.net/images/anime/10/33591.jpg
11499,Sankarea,Shounen,TV,12,7.53,https://cdn.myanimelist.net/images/anime/1487/95651.jpg
11697,Area no Kishi,Shounen,TV,37,7.38,https://cdn.myanimelist.net/images/anime/6/73987.jpg
11703,Code:Breaker,Shounen,TV,13,7.03,https://cdn.myanimelist.net/images/anime/13/57251.jpg
11737,Ao no Exorcist Movie,Shounen,Movie,1,7.88,https://cdn.myanimelist.net/images/anime/7/42005.jpg
11739,Kimi to Boku. 2,Shounen,TV,13,8.11,https://cdn.myanimelist.net/images/anime/10/42107.jpg
11761,Medaka Box,Shounen,TV,12,7.21,https://cdn.myanimelist.net/images/anime/13/37947.jpg
11771,Kuroko no Basket,Shounen,TV,25,8.46,https://cdn.myanimelist.net/images/anime/11/50453.jpg
11787,Toriko: Barbarian Ivy wo Hokaku Seyo!,Shounen,Special,1,6.85,https://cdn.myanimelist.net/images/anime/13/32953.jpg
11843,Danshi Koukousei no Nichijou,Shounen,TV,12,8.35,https://cdn.myanimelist.net/images/anime/3/33257.jpg
11857,Judo Sanka,Shounen,TV,27,6.68,https://cdn.myanimelist.net/images/anime/1554/121965.jpg
12069,Hajime no Ippo: Boxer no Kobushi,Shounen,Special,1,8.23,https://cdn.myanimelist.net/images/anime/2/84664.jpg
12117,Detective Conan Movie 16: The Eleventh Striker,Shounen,Movie,1,7.86,https://cdn.myanimelist.net/images/anime/8/37511.jpg
12223,Scryed Alteration II: Quan,Shounen,Movie,1,7.06,https://cdn.myanimelist.net/images/anime/4/73950.jpg
12231,Dragon Ball: Episode of Bardock,Shounen,Special,1,7.4,https://cdn.myanimelist.net/images/anime/1218/138480.jpg
12445,Tasogare Otome x Amnesia,Shounen,TV,12,7.95,https://cdn.myanimelist.net/images/anime/12/64435.jpg
12503,Mirai Nikki (TV): Ura Mirai Nikki,Shounen,Special,10,6.79,https://cdn.myanimelist.net/images/anime/2/38423.jpg
12565,Fate/Prototype,Shounen,OVA,1,7.01,https://cdn.myanimelist.net/images/anime/3/51045.jpg
12579,Itsuka Tenma no Kuro Usagi Picture Drama,Shounen,Special,6,6.34,https://cdn.myanimelist.net/images/anime/5/35285.jpg
12585,Inazuma Eleven Go Recap,Shounen,Special,1,6.83,https://cdn.myanimelist.net/images/anime/12/86762.jpg
12745,Bari Bari Densetsu (1987),Shounen,Movie,1,6.79,https://cdn.myanimelist.net/images/anime/1589/134476.jpg
12783,Sora no Otoshimono Final: Eternal My Master,Shounen,Movie,1,6.89,https://cdn.myanimelist.net/images/anime/3/58059.jpg
12875,Ginga e Kickoff!!,Shounen,TV,39,7.41,https://cdn.myanimelist.net/images/anime/1525/120263.jpg
12893,Danshi Koukousei no Nichijou Specials,Shounen,Special,6,7.94,https://cdn.myanimelist.net/images/anime/8/38527.jpg
12899,Ucchare Goshogawara,Shounen,OVA,1,5.83,https://cdn.myanimelist.net/images/anime/6/36209.jpg
13055,Sankarea OVA,Shounen,OVA,2,7.35,https://cdn.myanimelist.net/images/anime/4/79032.jpg
13073,Prince of Tennis: Another Story II - Ano Toki no Bokura OVA Bonus,Shounen,Special,2,7.35,https://cdn.myanimelist.net/images/anime/12/36739.jpg
13245,New Prince of Tennis Specials,Shounen,Special,7,7.65,https://cdn.myanimelist.net/images/anime/7/39891.jpg
13261,Inazuma Eleven Go: Chrono Stone,Shounen,TV,51,7.45,https://cdn.myanimelist.net/images/anime/1619/94705.jpg
13267,Shinryaku!! Ika Musume,Shounen,OVA,3,7.55,https://cdn.myanimelist.net/images/anime/4/39055.jpg
13271,Hunter x Hunter Movie: Phantom Rouge,Shounen,Movie,1,7.39,https://cdn.myanimelist.net/images/anime/6/53073.jpg
13403,Inu x Boku SS Special,Shounen,Special,1,7.79,https://cdn.myanimelist.net/images/anime/10/41927.jpg
13535,Binbougami ga!,Shounen,TV,13,7.88,https://cdn.myanimelist.net/images/anime/8/39333.jpg
13667,Naruto: Shippuuden Movie 6 - Road to Ninja,Shounen,Movie,1,7.84,https://cdn.myanimelist.net/images/anime/1620/94336.jpg
13837,Detective Conan Bonus File: Fantasista Flower,Shounen,OVA,1,7.51,https://cdn.myanimelist.net/images/anime/13/38385.jpg
13839,Detective Conan OVA 12: The Miracle of Excalibur,Shounen,OVA,1,7.14,https://cdn.myanimelist.net/images/anime/5/59513.jpg
14007,"Akai Shouzou: Char, Soshite Frontal e",Shounen,Special,1,6.36,https://cdn.myanimelist.net/images/anime/1677/136265.jpg
14059,Kimagure OrangeÃ¢Ëœâ€ Road: Soushuuhen Tanabata Special,Shounen,OVA,1,6.82,https://cdn.myanimelist.net/images/anime/1141/129086.jpg
14189,Tasogare Otome x Amnesia: Taima Otome,Shounen,Special,1,7.56,https://cdn.myanimelist.net/images/anime/6/65883.jpg
14367,Tenshi na Konamaiki Specials,Shounen,Special,13,6.18,https://cdn.myanimelist.net/images/anime/8/39411.jpg
14527,Medaka Box Abnormal,Shounen,TV,12,7.63,https://cdn.myanimelist.net/images/anime/11/62919.jpg
14719,JoJo no Kimyou na Bouken (TV),Shounen,TV,26,8.51,https://cdn.myanimelist.net/images/anime/3/40409.jpg
14837,Dragon Ball Z Movie 14: Kami to Kami,Shounen,Movie,1,7.62,https://cdn.myanimelist.net/images/anime/1734/93678.jpg
15109,Cuticle Tantei Inaba,Shounen,TV,12,7.45,https://cdn.myanimelist.net/images/anime/10/73934.jpg
15117,Kami nomi zo Shiru Sekai: Tenri-hen,Shounen,OVA,2,7.85,https://cdn.myanimelist.net/images/anime/11/43359.jpg
15125,Teekyuu,Shounen,TV,12,6.77,https://cdn.myanimelist.net/images/anime/1703/98658.jpg
15323,One Piece: Episode of Nami - Koukaishi no Namida to Nakama no Kizuna,Shounen,Special,1,8.27,https://cdn.myanimelist.net/images/anime/5/41415.jpg
15487,Kuroko no Basket NG-shuu,Shounen,Special,9,7.84,https://cdn.myanimelist.net/images/anime/12/42751.jpg
15633,Code:Breaker OVA,Shounen,OVA,3,6.91,https://cdn.myanimelist.net/images/anime/1388/98050.jpg
15959,Nurarihyon no Mago OVA,Shounen,OVA,2,7.86,https://cdn.myanimelist.net/images/anime/2/44574.jpg
16005,Zettai Karen Children: The Unlimited - Hyoubu Kyousuke,Shounen,TV,12,7.69,https://cdn.myanimelist.net/images/anime/11/44522.jpg
16011,Tokyo Ravens,Shounen,TV,24,7.8,https://cdn.myanimelist.net/images/anime/13/75094.jpg
16239,One Piece: Episode of Luffy - Hand Island no Bouken,Shounen,Special,1,7.86,https://cdn.myanimelist.net/images/anime/8/52463.jpg
16468,One Piece: Glorious Island,Shounen,Special,2,7.35,https://cdn.myanimelist.net/images/anime/7/85476.jpg
16498,Shingeki no Kyojin,Shounen,TV,25,8.54,https://cdn.myanimelist.net/images/anime/10/47347.jpg
16514,Batsu &amp; Terry,Shounen,Movie,1,6.19,https://cdn.myanimelist.net/images/anime/1192/112793.jpg
16694,Sankarea: Wagahai mo... Zombie de Aru...,Shounen,Special,1,7.39,https://cdn.myanimelist.net/images/anime/12/44918.jpg
16706,Kami nomi zo Shiru Sekai: Megami-hen,Shounen,TV,12,8.3,https://cdn.myanimelist.net/images/anime/6/51949.jpg
16742,Watashi ga Motenai no wa Dou Kangaetemo Omaera ga Warui!,Shounen,TV,12,7.29,https://cdn.myanimelist.net/images/anime/12/51619.jpg
16746,The War of Great Monsters,Shounen,Movie,1,3.89,https://cdn.myanimelist.net/images/anime/4/45056.jpg
16748,"Fly, Space Battleship Geobukseon",Shounen,Movie,1,4.11,https://cdn.myanimelist.net/images/anime/8/45058.jpg
16754,Taegeugsonyeon Huin Dogsuli,Shounen,Movie,1,3.79,https://cdn.myanimelist.net/images/anime/4/45064.jpg
16762,Mirai Nikki Redial,Shounen,OVA,1,7.71,https://cdn.myanimelist.net/images/anime/1715/103523.jpg
16786,Bulsajo Robot Phoenix King,Shounen,Movie,1,3.11,https://cdn.myanimelist.net/images/anime/6/45126.jpg
16790,Super Samchongsa,Shounen,Movie,1,4.33,https://cdn.myanimelist.net/images/anime/13/45130.jpg
16796,Mujeokcheorin Rambot,Shounen,Movie,1,3.36,https://cdn.myanimelist.net/images/anime/5/45136.jpg
16824,Hwang-geum-ui Pal,Shounen,Movie,1,4.17,https://cdn.myanimelist.net/images/anime/10/45164.jpg
16870,The Last: Naruto the Movie,Shounen,Movie,1,7.88,https://cdn.myanimelist.net/images/anime/1491/134498.jpg
16894,Kuroko no Basket 2nd Season,Shounen,TV,25,8.58,https://cdn.myanimelist.net/images/anime/9/56155.jpg
16916,Kuroko no Basket: Tip Off,Shounen,Special,1,8.07,https://cdn.myanimelist.net/images/anime/10/76803.jpg
16918,Gin no Saji,Shounen,TV,11,8.18,https://cdn.myanimelist.net/images/anime/6/49237.jpg
17082,Aiura,Shounen,TV,12,6.84,https://cdn.myanimelist.net/images/anime/4/60699.jpg
17259,Kuroko no Basket: Oshaberi Shiyokka,Shounen,Special,1,7.42,https://cdn.myanimelist.net/images/anime/11/46071.jpg
17505,Mushibugyou,Shounen,TV,26,7.47,https://cdn.myanimelist.net/images/anime/12/48827.jpg
17621,Ultraman: Chou Toushi Gekiden - Suisei Senjin Tsuifon Toujou,Shounen,OVA,1,6.56,https://cdn.myanimelist.net/images/anime/4/47047.jpg
17777,"Saikin, Imouto no Yousu ga Chotto Okashiinda ga.",Shounen,TV,12,6.46,https://cdn.myanimelist.net/images/anime/3/56589.jpg
18061,Tiger Mask (Movie),Shounen,Movie,1,6.53,https://cdn.myanimelist.net/images/anime/4/74485.jpg
18063,Tiger Mask Fuku Men League Sen,Shounen,Movie,1,6.54,https://cdn.myanimelist.net/images/anime/1761/138906.jpg
18097,Inazuma Eleven Go: Galaxy,Shounen,TV,43,7.11,https://cdn.myanimelist.net/images/anime/2/49743.jpg
18121,Teekyuu 2,Shounen,TV,12,6.91,https://cdn.myanimelist.net/images/anime/1432/98659.jpg
18177,Yowamushi Pedal: Special Ride,Shounen,OVA,1,7.49,https://cdn.myanimelist.net/images/anime/1702/135425.jpg
18179,Yowamushi Pedal,Shounen,TV,38,8.16,https://cdn.myanimelist.net/images/anime/5/53211.jpg
18271,Cheorin Samchongsa,Shounen,Movie,1,4,https://cdn.myanimelist.net/images/anime/2/49021.jpg
18277,Strike the Blood,Shounen,TV,24,7.44,https://cdn.myanimelist.net/images/anime/5/56163.jpg
18283,Sonyeon 007 Eunhateukgongdae,Shounen,Movie,1,3.42,https://cdn.myanimelist.net/images/anime/8/49033.jpg
18305,15 Sonyeon Uju Pyoryugi,Shounen,Movie,1,5.13,https://cdn.myanimelist.net/images/anime/13/49071.jpg
18307,Eunhajeonseol Tera,Shounen,Movie,1,3.79,https://cdn.myanimelist.net/images/anime/4/49073.jpg
18317,Dodani,Shounen,Movie,1,5.14,https://cdn.myanimelist.net/images/anime/10/49085.jpg
18327,Dokgotak Dasi Chajeun Maundeu,Shounen,Movie,1,5,https://cdn.myanimelist.net/images/anime/4/49095.jpg
18397,Shingeki no Kyojin OVA,Shounen,OVA,3,7.88,https://cdn.myanimelist.net/images/anime/9/59221.jpg
18443,Field ni Soyogu Kaze,Shounen,OVA,1,5.23,https://cdn.myanimelist.net/images/anime/1628/112475.jpg
18497,Yozakura Quartet: Hana no Uta,Shounen,TV,13,7.61,https://cdn.myanimelist.net/images/anime/5/52563.jpg
18499,Yozakura Quartet: Tsuki ni Naku,Shounen,OVA,3,7.62,https://cdn.myanimelist.net/images/anime/3/49489.jpg
18567,Taiman Blues: Ladies-hen - Mayumi,Shounen,OVA,2,4.93,https://cdn.myanimelist.net/images/anime/3/84021.jpg
18569,Taiman Blues: Shimizu Naoto-hen,Shounen,OVA,3,4.85,https://cdn.myanimelist.net/images/anime/5/62911.jpg
18637,Tetsuwan Atom: Ivan no Wakusei - Robot to Ningen no Yuujou,Shounen,Movie,1,6.42,https://cdn.myanimelist.net/images/anime/4/49765.jpg
18689,Diamond no Ace,Shounen,TV,75,8.25,https://cdn.myanimelist.net/images/anime/5/54235.jpg
18759,Captain the Movie,Shounen,Movie,1,6.41,https://cdn.myanimelist.net/images/anime/6/72861.jpg
19123,One Piece: Episode of Merry - Mou Hitori no Nakama no Monogatari,Shounen,Special,1,8.29,https://cdn.myanimelist.net/images/anime/9/61015.jpg
19271,Gekitou! Crush Gear Turbo: Kaizabaan no Chousen,Shounen,Movie,1,6.65,https://cdn.myanimelist.net/images/anime/1038/94231.jpg
19285,Shingeki no Kyojin: Ano Hi Kara,Shounen,Special,1,6.96,https://cdn.myanimelist.net/images/anime/3/51715.jpg
19363,Gin no Saji 2nd Season,Shounen,TV,11,8.36,https://cdn.myanimelist.net/images/anime/8/57995.jpg
19469,Saiki Kusuo no ÃŽÂ¨-nan,Shounen,ONA,1,5.81,https://cdn.myanimelist.net/images/anime/10/54195.jpg
19501,Giga Tribe,Shounen,TV,39,5.5,https://cdn.myanimelist.net/images/anime/12/52321.jpg
19511,Naruto Shippuuden: Sunny Side Battle,Shounen,Special,1,7.26,https://cdn.myanimelist.net/images/anime/1047/91638.jpg
19647,Hajime no Ippo: Rising,Shounen,TV,25,8.68,https://cdn.myanimelist.net/images/anime/6/56147.jpg
19669,Kuroko no Basket: Baka ja Katenai no yo!,Shounen,OVA,1,7.75,https://cdn.myanimelist.net/images/anime/1148/96321.jpg
19825,Saikyou Ginga Ultimate Zero: Battle Spirits,Shounen,TV,49,6.86,https://cdn.myanimelist.net/images/anime/1462/132257.jpg
19877,Battle Spirits: Sword Eyes Gekitouden,Shounen,TV,21,7.21,https://cdn.myanimelist.net/images/anime/7/52985.jpg
19899,Fujiko F. Fujio: Sukoshi Fushigi Tanpen Theater,Shounen,OVA,11,6.25,https://cdn.myanimelist.net/images/anime/2/53063.jpg
19951,Hunter x Hunter Movie: The Last Mission,Shounen,Movie,1,7.35,https://cdn.myanimelist.net/images/anime/10/62337.jpg
20115,Gekisou! Rubenkaiser,Shounen,TV,17,7.17,https://cdn.myanimelist.net/images/anime/8/62437.jpg
20359,Yamada-kun to 7-nin no Majo,Shounen,ONA,1,7.37,https://cdn.myanimelist.net/images/anime/8/58865.jpg
20473,Teekyuu 3,Shounen,TV,12,6.96,https://cdn.myanimelist.net/images/anime/11/73503.jpg
20507,Noragami,Shounen,TV,12,8.17,https://cdn.myanimelist.net/images/anime/1886/128266.jpg
20583,Haikyuu!!,Shounen,TV,25,8.68,https://cdn.myanimelist.net/images/anime/7/76014.jpg
20847,Seitokai Yakuindomo*,Shounen,TV,13,7.84,https://cdn.myanimelist.net/images/anime/9/56941.jpg
20899,JoJo no Kimyou na Bouken: Stardust Crusaders,Shounen,TV,24,8.25,https://cdn.myanimelist.net/images/anime/11/55267.jpg
21185,Baby Steps,Shounen,TV,25,7.96,https://cdn.myanimelist.net/images/anime/5/63361.jpg
21201,Teekyuu 2 Specials,Shounen,Special,2,6.71,https://cdn.myanimelist.net/images/anime/12/56005.jpg
21327,Isshuukan Friends.,Shounen,TV,12,7.7,https://cdn.myanimelist.net/images/anime/6/61891.jpg
21353,Tokyo ESP,Shounen,TV,12,6.64,https://cdn.myanimelist.net/images/anime/10/64587.jpg
21507,Soul Eater NOT!,Shounen,TV,12,6.33,https://cdn.myanimelist.net/images/anime/2/63563.jpg
21679,"Saikin, Imouto no Yousu ga Chotto Okashiinda ga. OVA",Shounen,OVA,1,6.54,https://cdn.myanimelist.net/images/anime/13/64061.jpg
21755,New Prince of Tennis OVA vs. Genius10,Shounen,OVA,10,7.72,https://cdn.myanimelist.net/images/anime/12/65403.jpg
22125,Kuroko no Basket: Mou Ikkai Yarimasen ka,Shounen,Special,1,7.86,https://cdn.myanimelist.net/images/anime/12/68055.jpg
22145,Kuroshitsuji: Book of Circus,Shounen,TV,10,8.37,https://cdn.myanimelist.net/images/anime/6/64811.jpg
22205,Be Blues! Ao ni Nare,Shounen,ONA,1,5.6,https://cdn.myanimelist.net/images/anime/4/60171.jpg
22297,Fate/stay night: Unlimited Blade Works,Shounen,TV,12,8.42,https://cdn.myanimelist.net/images/anime/12/67333.jpg
22335,Teekyuu 3 Specials,Shounen,Special,2,6.69,https://cdn.myanimelist.net/images/anime/7/58477.jpg
22695,Dragon Ball Z: Summer Vacation Special,Shounen,Special,1,7.05,https://cdn.myanimelist.net/images/anime/7/60343.jpg
22699,Dragon Ball Z: Zenbu Misemasu Toshi Wasure Dragon Ball Z!,Shounen,Special,1,7,https://cdn.myanimelist.net/images/anime/1667/112037.jpg
22777,Dragon Ball Kai (2014),Shounen,TV,61,8.01,https://cdn.myanimelist.net/images/anime/10/59275.jpg
23067,Tenkai Knights,Shounen,TV,52,6.82,https://cdn.myanimelist.net/images/anime/8/74140.jpg
23251,Gugure! Kokkuri-san,Shounen,TV,12,7.69,https://cdn.myanimelist.net/images/anime/6/65665.jpg
23317,Kuroshitsuji: Book of Murder,Shounen,OVA,2,8.41,https://cdn.myanimelist.net/images/anime/12/74392.jpg
23405,Tokyo Ravens: Kon ga Oshiete Moshi Agemasu! Maru Wakari Tokyo Ravens,Shounen,ONA,3,6.91,https://cdn.myanimelist.net/images/anime/6/61407.jpg
23755,Nanatsu no Taizai,Shounen,TV,24,8.42,https://cdn.myanimelist.net/images/anime/8/65409.jpg
23775,Shingeki no Kyojin Movie 1: Guren no Yumiya,Shounen,Movie,1,7.7,https://cdn.myanimelist.net/images/anime/7/63283.jpg
23777,Shingeki no Kyojin Movie 2: Jiyuu no Tsubasa,Shounen,Movie,1,7.75,https://cdn.myanimelist.net/images/anime/2/72510.jpg
23933,Kyutai Panic Adventure!,Shounen,Special,1,5.21,https://cdn.myanimelist.net/images/anime/9/62123.jpg
23935,Kyutai Panic Adventure Returns!,Shounen,Special,1,5.46,https://cdn.myanimelist.net/images/anime/3/62121.jpg
24171,Mushibugyou OVA,Shounen,OVA,3,7.2,https://cdn.myanimelist.net/images/anime/7/67127.jpg
24269,Chiisana Kyojin Microman: Daigekisen! Microman vs. Saikyou Senshi Gorgon,Shounen,Movie,1,4.69,https://cdn.myanimelist.net/images/anime/1660/134479.jpg
24277,Yowamushi Pedal: Grande Road,Shounen,TV,24,8.28,https://cdn.myanimelist.net/images/anime/12/67799.jpg
24347,Inazuma Eleven: Chou Jigen Dream Match,Shounen,Movie,1,6.97,https://cdn.myanimelist.net/images/anime/3/62875.jpg
24405,World Trigger,Shounen,TV,73,7.75,https://cdn.myanimelist.net/images/anime/1783/106843.jpg
24415,Kuroko no Basket 3rd Season,Shounen,TV,25,8.62,https://cdn.myanimelist.net/images/anime/4/68299.jpg
24439,Kekkai Sensen,Shounen,TV,12,7.74,https://cdn.myanimelist.net/images/anime/12/73559.jpg
24457,Houkago no Ouji-sama,Shounen,Special,5,7.13,https://cdn.myanimelist.net/images/anime/3/63211.jpg
24781,Imawa no Kuni no Alice (OVA),Shounen,OVA,3,7.7,https://cdn.myanimelist.net/images/anime/1004/96669.jpg
24817,Fantasista Stella,Shounen,OVA,3,6.13,https://cdn.myanimelist.net/images/anime/1886/96085.jpg
25139,Oh! My Konbu,Shounen,TV,22,6.38,https://cdn.myanimelist.net/images/anime/10/64249.jpg
25157,Trinity Seven,Shounen,TV,12,7.43,https://cdn.myanimelist.net/images/anime/12/67795.jpg
25303,Haikyuu!! OVA,Shounen,OVA,2,7.93,https://cdn.myanimelist.net/images/anime/1498/96643.jpg
25341,Diamond no Ace OVA,Shounen,OVA,3,7.72,https://cdn.myanimelist.net/images/anime/5/71263.jpg
25383,Doraemon Movie 35: Nobita no Space Heroes,Shounen,Movie,1,6.91,https://cdn.myanimelist.net/images/anime/11/72404.jpg
25389,Dragon Ball Z Movie 15: Fukkatsu no F,Shounen,Movie,1,7.55,https://cdn.myanimelist.net/images/anime/1833/93679.jpg
25591,Tokyo Juushouden: Fuuma Gogyou Denshou,Shounen,OVA,3,5.58,https://cdn.myanimelist.net/images/anime/2/65105.jpg
25755,Yowamushi Pedal: Re:RIDE,Shounen,Movie,1,7.48,https://cdn.myanimelist.net/images/anime/10/86876.jpg
25777,Shingeki no Kyojin Season 2,Shounen,TV,Unknown,nan,https://cdn.myanimelist.net/images/anime/4/84177.jpg
26055,JoJo no Kimyou na Bouken: Stardust Crusaders 2nd Season,Shounen,TV,24,8.6,https://cdn.myanimelist.net/images/anime/11/75045.jpg
26063,Kaibutsu Oujo (OVA) Specials,Shounen,Special,3,6.82,https://cdn.myanimelist.net/images/anime/11/66099.jpg
26123,Seitokai Yakuindomo* OVA,Shounen,OVA,6,8.05,https://cdn.myanimelist.net/images/anime/5/79008.jpg
26243,Owari no Seraph,Shounen,TV,12,7.65,https://cdn.myanimelist.net/images/anime/5/73474.jpg
26395,Teekyuu 4,Shounen,TV,12,6.88,https://cdn.myanimelist.net/images/anime/10/73472.jpg
27619,Ane Log: Moyako Neesan no Honpen wo Tobidashite Tomaranai Monologue,Shounen,OVA,6,6.34,https://cdn.myanimelist.net/images/anime/1483/121804.jpg
27663,Baby Steps 2nd Season,Shounen,TV,25,8.2,https://cdn.myanimelist.net/images/anime/9/73683.jpg
27821,Fate/stay night: Unlimited Blade Works - Prologue,Shounen,Special,1,8.32,https://cdn.myanimelist.net/images/anime/9/67425.jpg
27915,Captain,Shounen,Special,1,6.44,https://cdn.myanimelist.net/images/anime/7/67651.jpg
27943,Nano Invaders,Shounen,TV,52,7.08,https://cdn.myanimelist.net/images/anime/2/67729.jpg
27945,Gugure! Kokkuri-san Specials,Shounen,Special,11,7.34,https://cdn.myanimelist.net/images/anime/4/67735.jpg
27963,Shouta no Sushi: Kokoro ni Hibiku Shari no Aji,Shounen,Special,1,7.33,https://cdn.myanimelist.net/images/anime/11/67773.jpg
28367,Dr. Slump: Arale-chan &#039;92 Oshougatsu Special,Shounen,Special,3,6.19,https://cdn.myanimelist.net/images/anime/1514/139003.jpg
28423,Kyoukai no Rinne (TV),Shounen,TV,25,6.98,https://cdn.myanimelist.net/images/anime/13/73436.jpg
28489,Jigoku Koushien,Shounen,OVA,1,5.14,https://cdn.myanimelist.net/images/anime/13/68769.jpg
28673,Duan Nao,Shounen,ONA,16,6.42,https://cdn.myanimelist.net/images/anime/3/82664.jpg
28677,Yamada-kun to 7-nin no Majo (TV),Shounen,TV,12,7.91,https://cdn.myanimelist.net/images/anime/2/73700.jpg
28701,Fate/stay night: Unlimited Blade Works 2nd Season,Shounen,TV,13,8.45,https://cdn.myanimelist.net/images/anime/1881/124810.jpg
28755,Boruto: Naruto the Movie,Shounen,Movie,1,8.03,https://cdn.myanimelist.net/images/anime/4/78280.jpg
28891,Haikyuu!! Second Season,Shounen,TV,25,8.93,https://cdn.myanimelist.net/images/anime/9/76662.jpg
28927,Owari no Seraph: Nagoya Kessen-hen,Shounen,TV,12,7.84,https://cdn.myanimelist.net/images/anime/9/76632.jpg
29087,Wangpai Yushi,Shounen,ONA,39,6.9,https://cdn.myanimelist.net/images/anime/13/82852.jpg
29583,Kuroko no Basket: Oshaberi Demo Shimasen ka,Shounen,Special,1,7.47,https://cdn.myanimelist.net/images/anime/11/71175.jpg
29697,Prince of Tennis: Message in a Bottle,Shounen,Special,1,6.8,https://cdn.myanimelist.net/images/anime/11/71357.jpg
29755,Haikyuu!! Movie 1: Owari to Hajimari,Shounen,Movie,1,7.94,https://cdn.myanimelist.net/images/anime/8/76011.jpg
29785,Jitsu wa Watashi wa,Shounen,TV,13,7.15,https://cdn.myanimelist.net/images/anime/8/74042.jpg
29854,Ushio to Tora (TV),Shounen,TV,26,7.71,https://cdn.myanimelist.net/images/anime/8/74945.jpg
29893,Aria The Avvenire,Shounen,Special,3,8.2,https://cdn.myanimelist.net/images/anime/10/74338.jpg
30137,Big Order,Shounen,OVA,1,6.18,https://cdn.myanimelist.net/images/anime/12/78945.jpg
30166,Wangpai Yushi Di 0 Ji,Shounen,Special,1,6.47,https://cdn.myanimelist.net/images/anime/7/72199.jpg
30205,Aoharu x Kikanjuu,Shounen,TV,12,7.29,https://cdn.myanimelist.net/images/anime/4/76271.jpg
30230,Diamond no Ace: Second Season,Shounen,TV,51,8.5,https://cdn.myanimelist.net/images/anime/9/74398.jpg
30291,Mini Hama: Minimum Hamatora,Shounen,TV,8,6.53,https://cdn.myanimelist.net/images/anime/6/76833.jpg
30321,Strike the Blood: Valkyria no Oukoku-hen,Shounen,OVA,2,7.44,https://cdn.myanimelist.net/images/anime/12/77275.jpg
30347,Nanatsu no Taizai OVA,Shounen,OVA,2,7.85,https://cdn.myanimelist.net/images/anime/1973/97505.jpg
30364,Haikyuu!! Movie 2: Shousha to Haisha,Shounen,Movie,1,7.81,https://cdn.myanimelist.net/images/anime/2/74813.jpg
30413,Yowamushi Pedal Movie,Shounen,Movie,1,7.84,https://cdn.myanimelist.net/images/anime/10/74402.jpg
30503,Noragami Aragoto,Shounen,TV,13,8.48,https://cdn.myanimelist.net/images/anime/1689/94850.jpg
30567,Teekyuu 5,Shounen,TV,12,6.87,https://cdn.myanimelist.net/images/anime/9/75010.jpg
30652,Long Riders!,Shounen,TV,12,6.33,https://cdn.myanimelist.net/images/anime/3/82255.jpg
30694,Dragon Ball Super,Shounen,TV,Unknown,7.4,https://cdn.myanimelist.net/images/anime/7/74606.jpg
30714,Owari no Seraph: Owaranai Seraph,Shounen,Special,9,7.35,https://cdn.myanimelist.net/images/anime/6/76505.jpg
30790,Yowamushi Pedal: Re:ROAD,Shounen,Movie,1,7.48,https://cdn.myanimelist.net/images/anime/7/86877.jpg
30915,Kekkai Sensen: Soresaemo Saitei de Saikou na Hibi,Shounen,Special,1,6.8,https://cdn.myanimelist.net/images/anime/3/74387.jpg
31049,Beyblade Burst,Shounen,TV,Unknown,6.31,https://cdn.myanimelist.net/images/anime/13/78786.jpg
31050,Cyborg 009 VS Devilman,Shounen,OVA,3,6.81,https://cdn.myanimelist.net/images/anime/1985/121991.jpg
31051,Kuroko no Basket: Saikou no Present Desu,Shounen,Special,1,8.34,https://cdn.myanimelist.net/images/anime/13/77323.jpg
31098,Ushio to Tora (TV) 2nd Season,Shounen,TV,13,8.13,https://cdn.myanimelist.net/images/anime/1092/117404.jpg
31289,One Piece: Episode of Sabo - 3 Kyoudai no Kizuna Kiseki no Saikai to Uketsugareru Ishi,Shounen,Special,1,7.78,https://cdn.myanimelist.net/images/anime/1373/106587.jpg
31376,Flying Witch,Shounen,TV,12,7.65,https://cdn.myanimelist.net/images/anime/6/80039.jpg
31378,Owari no Seraph: Kyuuketsuki Shahar,Shounen,OVA,1,7.15,https://cdn.myanimelist.net/images/anime/1272/121985.jpg
31389,Fate/stay night: Unlimited Blade Works 2nd Season - Sunny Day,Shounen,Special,1,7.44,https://cdn.myanimelist.net/images/anime/4/75684.jpg
31422,Minami Kamakura Koukou Joshi Jitensha-bu,Shounen,TV,Unknown,nan,https://cdn.myanimelist.net/images/anime/10/83345.jpg
31440,Teekyuu 6,Shounen,TV,12,6.79,https://cdn.myanimelist.net/images/anime/13/76645.jpg
31608,Teekyuu 4 Specials,Shounen,Special,2,6.58,https://cdn.myanimelist.net/images/anime/9/76213.jpg
31610,Kyoukai no Rinne (TV) 2nd Season,Shounen,TV,25,7.26,https://cdn.myanimelist.net/images/anime/7/79665.jpg
31636,Dagashi Kashi,Shounen,TV,12,6.73,https://cdn.myanimelist.net/images/anime/1538/95686.jpg
31658,Kuroko no Basket: Last Game,Shounen,Movie,1,nan,https://cdn.myanimelist.net/images/anime/2/83106.jpg
31668,Teekyuu 5 Specials,Shounen,Special,2,6.35,https://cdn.myanimelist.net/images/anime/10/76333.jpg
31722,Nanatsu no Taizai: Seisen no Shirushi,Shounen,TV,4,7.52,https://cdn.myanimelist.net/images/anime/13/79331.jpg
31756,Owari no Seraph: The Beginning of the End,Shounen,Special,1,6.99,https://cdn.myanimelist.net/images/anime/13/76490.jpg
31771,Amanchu!,Shounen,TV,12,7.45,https://cdn.myanimelist.net/images/anime/6/80810.jpg
31783,Yowamushi Pedal: New Generation,Shounen,TV,Unknown,nan,https://cdn.myanimelist.net/images/anime/4/83782.jpg
31812,Kuroshitsuji Movie: Book of the Atlantic,Shounen,Movie,1,nan,https://cdn.myanimelist.net/images/anime/9/85792.jpg
31821,Arslan Senki (TV): Fuujin Ranbu,Shounen,TV,8,7.7,https://cdn.myanimelist.net/images/anime/12/80681.jpg
31861,Tenchi Muyou! Ryououki 4th Season,Shounen,OVA,4,8,https://cdn.myanimelist.net/images/anime/1068/133804.jpg
31904,Big Order (TV),Shounen,TV,10,5.7,https://cdn.myanimelist.net/images/anime/11/79757.jpg
31933,JoJo no Kimyou na Bouken: Diamond wa Kudakenai,Shounen,TV,39,8.57,https://cdn.myanimelist.net/images/anime/3/79156.jpg
31964,Boku no Hero Academia,Shounen,TV,13,8.36,https://cdn.myanimelist.net/images/anime/10/78745.jpg
32051,One Piece: Adventure of Nebulandia,Shounen,Special,1,7.5,https://cdn.myanimelist.net/images/anime/5/77050.jpg
32105,Sousei no Onmyouji,Shounen,TV,50,7.11,https://cdn.myanimelist.net/images/anime/12/79556.jpg
32228,Teekyuu 7,Shounen,TV,12,6.82,https://cdn.myanimelist.net/images/anime/6/77830.jpg
32324,Major 2nd,Shounen,Special,1,6.65,https://cdn.myanimelist.net/images/anime/11/77548.jpg
32365,Boruto: Naruto the Movie - Naruto ga Hokage ni Natta Hi,Shounen,Special,1,7.68,https://cdn.myanimelist.net/images/anime/6/77678.jpg
32370,D.Gray-man Hallow,Shounen,TV,13,8.01,https://cdn.myanimelist.net/images/anime/12/80766.jpg
32454,Usakame,Shounen,TV,12,5.89,https://cdn.myanimelist.net/images/anime/10/79223.jpg
32494,Days (TV),Shounen,TV,24,7.09,https://cdn.myanimelist.net/images/anime/11/88507.jpg
32574,Kekkai Sensen: Ousama no Restaurant no Ousama,Shounen,OVA,1,7.43,https://cdn.myanimelist.net/images/anime/1595/126930.jpg
32648,Handa-kun,Shounen,TV,12,7.46,https://cdn.myanimelist.net/images/anime/4/80752.jpg
32686,Keijo!!!!!!!!,Shounen,TV,12,7.22,https://cdn.myanimelist.net/images/anime/10/81906.jpg
32816,Teekyuu 6 Specials,Shounen,Special,2,6.2,https://cdn.myanimelist.net/images/anime/4/78679.jpg
32869,Kuroko no Basket Movie 1: Winter Cup Soushuuhen - Kage to Hikari,Shounen,Movie,1,7.69,https://cdn.myanimelist.net/images/anime/5/82691.jpg
32870,Kuroko no Basket Movie 2: Winter Cup Soushuuhen - Namida no Saki e,Shounen,Movie,1,7.61,https://cdn.myanimelist.net/images/anime/6/80728.jpg
32871,Kuroko no Basket Movie 3: Winter Cup Soushuuhen - Tobira no Mukou,Shounen,Movie,1,7.38,https://cdn.myanimelist.net/images/anime/7/80729.jpg
32881,Tiger Mask W,Shounen,TV,Unknown,6.44,https://cdn.myanimelist.net/images/anime/2/81903.jpg
32935,Haikyuu!!: Karasuno Koukou VS Shiratorizawa Gakuen Koukou,Shounen,TV,10,9.15,https://cdn.myanimelist.net/images/anime/7/81992.jpg
33255,Saiki Kusuo no ÃŽÂ¨-nan (TV),Shounen,TV,120,8.29,https://cdn.myanimelist.net/images/anime/11/80167.jpg
33286,Strike the Blood II,Shounen,OVA,8,8.05,https://cdn.myanimelist.net/images/anime/1600/111675.jpg
33302,Yowamushi Pedal: Spare Bike,Shounen,Movie,1,7.45,https://cdn.myanimelist.net/images/anime/9/82909.jpg
33454,Kochira Katsushikaku Kameari Kouenmae Hashutsujo: The Final - Ryoutsu Kakichi Saigo no Hi,Shounen,Special,1,7.77,https://cdn.myanimelist.net/images/anime/4/80486.jpg
33486,Boku no Hero Academia 2nd Season,Shounen,TV,Unknown,nan,https://cdn.myanimelist.net/images/anime/12/85221.jpg
33498,Ganbare! Kickers: Hitoribocchi no Ace Striker,Shounen,Special,1,6.34,https://cdn.myanimelist.net/images/anime/1222/103639.jpg
33499,Ganbare! Kickers Specials,Shounen,Special,2,6.43,https://cdn.myanimelist.net/images/anime/1767/93428.jpg
33506,Ao no Exorcist: Kyoto Fujouou-hen,Shounen,TV,Unknown,nan,https://cdn.myanimelist.net/images/anime/5/85201.jpg
33522,Chiba Pedal: Yowamushi Pedal to Manabu Jitensha Koutsuuanzen,Shounen,ONA,6,6.2,https://cdn.myanimelist.net/images/anime/13/80640.jpg
33606,One Piece Film: Gold Episode 0 - 711 ver.,Shounen,Special,1,7.04,https://cdn.myanimelist.net/images/anime/4/83792.jpg
33731,Gabriel DropOut,Shounen,TV,Unknown,nan,https://cdn.myanimelist.net/images/anime/9/82590.jpg
33740,Katekyo Hitman Reborn! x Ã„â€œlDLIVE Special,Shounen,Special,1,7.1,https://cdn.myanimelist.net/images/anime/1237/104850.jpg
33811,Teekyuu 8,Shounen,TV,12,6.76,https://cdn.myanimelist.net/images/anime/8/81424.jpg
33929,Boku no Hero Academia: Jump Festa 2016 Special,Shounen,Special,1,7.32,https://cdn.myanimelist.net/images/anime/1812/111684.jpg
34008,Days OVA,Shounen,OVA,2,nan,https://cdn.myanimelist.net/images/anime/1752/96673.jpg
34106,Kyoukai no Rinne (TV) 3rd Season,Shounen,TV,Unknown,nan,https://cdn.myanimelist.net/images/anime/13/85289.jpg
34349,Diamond no Ace: Second Season OVA,Shounen,OVA,2,7.25,https://cdn.myanimelist.net/images/anime/12/83218.jpg
34367,Long Riders Recap,Shounen,Special,1,5.97,https://cdn.myanimelist.net/images/anime/11/82795.jpg
34465,Ao no Exorcist OVA,Shounen,OVA,1,nan,https://cdn.myanimelist.net/images/anime/1031/96313.jpg
